direction,outcome,arch,thresh,nb
I2M,death_30d,uni:ehr_only,0.01,0.08310515708938997
I2M,death_30d,uni:ehr_only,0.02,0.0740461132906771
I2M,death_30d,uni:ehr_only,0.03,0.06501909936043714
I2M,death_30d,uni:ehr_only,0.04,0.055993531433191836
I2M,death_30d,uni:ehr_only,0.05,0.047014139350802724
I2M,death_30d,uni:ehr_only,0.060000000000000005,0.0380243345418887
I2M,death_30d,uni:ehr_only,0.06999999999999999,0.029095509171410516
I2M,death_30d,uni:ehr_only,0.08,0.020143960766736108
I2M,death_30d,uni:ehr_only,0.09,0.01126890089897975
I2M,death_30d,uni:ehr_only,0.09999999999999999,0.0023583316488107325
I2M,death_30d,uni:ehr_only,0.11,-0.00645948174242475
I2M,death_30d,uni:ehr_only,0.12,-0.015326092948894629
I2M,death_30d,uni:ehr_only,0.13,-0.02408286457135289
I2M,death_30d,uni:ehr_only,0.14,-0.03290225224589957
I2M,death_30d,uni:ehr_only,0.15000000000000002,-0.04230728070488356
I2M,death_30d,uni:ehr_only,0.16,-0.051084351266279734
I2M,death_30d,uni:ehr_only,0.17,-0.05971490571138406
I2M,death_30d,uni:ehr_only,0.18000000000000002,-0.06843763404280497
I2M,death_30d,uni:ehr_only,0.19,-0.07699391325831594
I2M,death_30d,uni:ehr_only,0.2,-0.08641600970285022
I2M,death_30d,uni:ehr_only,0.21000000000000002,-0.09490216548579501
I2M,death_30d,uni:ehr_only,0.22,-0.10429009034224317
I2M,death_30d,uni:ehr_only,0.23,-0.11270112543611634
I2M,death_30d,uni:ehr_only,0.24000000000000002,-0.12205164214356388
I2M,death_30d,uni:ehr_only,0.25,-0.13038204972710732
I2M,death_30d,uni:ehr_only,0.26,-0.13887204366282596
I2M,death_30d,uni:ehr_only,0.27,-0.1479352367977272
I2M,death_30d,uni:ehr_only,0.28,-0.15635738831615126
I2M,death_30d,uni:ehr_only,0.29000000000000004,-0.16449576781489422
I2M,death_30d,uni:ehr_only,0.3,-0.17283201940570042
I2M,death_30d,uni:ehr_only,0.31,-0.1808562062207223
I2M,death_30d,uni:ehr_only,0.32,-0.1890985624085899
I2M,death_30d,uni:ehr_only,0.33,-0.19699863327389738
I2M,death_30d,uni:ehr_only,0.34,-0.20513810022603235
I2M,death_30d,uni:ehr_only,0.35000000000000003,-0.2129029248495592
I2M,death_30d,uni:ehr_only,0.36000000000000004,-0.22187689508793212
I2M,death_30d,uni:ehr_only,0.37,-0.2295089857248741
I2M,death_30d,uni:ehr_only,0.38,-0.23742639722999276
I2M,death_30d,uni:ehr_only,0.39,-0.2448975534104127
I2M,death_30d,uni:ehr_only,0.4,-0.25267839094400646
I2M,death_30d,uni:ehr_only,0.41000000000000003,-0.26202834794585317
I2M,death_30d,uni:ehr_only,0.42000000000000004,-0.26969323100729814
I2M,death_30d,uni:ehr_only,0.43,-0.27682912557318096
I2M,death_30d,uni:ehr_only,0.44,-0.28432816425539287
I2M,death_30d,uni:ehr_only,0.45,-0.29235349247477804
I2M,death_30d,uni:ehr_only,0.46,-0.30193383195202483
I2M,death_30d,uni:ehr_only,0.47000000000000003,-0.30868336441754296
I2M,death_30d,uni:ehr_only,0.48000000000000004,-0.31585576339972943
I2M,death_30d,uni:ehr_only,0.49,-0.32234628235769747
I2M,death_30d,uni:ehr_only,0.5,-0.3305033353547605
I2M,death_30d,early:plain,0.01,0.08329504872864485
I2M,death_30d,early:plain,0.02,0.07678122795509956
I2M,death_30d,early:plain,0.03,0.07172106806374373
I2M,death_30d,early:plain,0.04,0.06524156054174246
I2M,death_30d,early:plain,0.05,0.062494015511793434
I2M,death_30d,early:plain,0.060000000000000005,0.05615266505812677
I2M,death_30d,early:plain,0.06999999999999999,0.05202240523745248
I2M,death_30d,early:plain,0.08,0.04793418936377778
I2M,death_30d,early:plain,0.09,0.04692154419261757
I2M,death_30d,early:plain,0.09999999999999999,0.04069806616804797
I2M,death_30d,early:plain,0.11,0.038818214648305746
I2M,death_30d,early:plain,0.12,0.034180495065880154
I2M,death_30d,early:plain,0.13,0.033039877877919746
I2M,death_30d,early:plain,0.14,0.03051884863271609
I2M,death_30d,early:plain,0.15000000000000002,0.029358256340741268
I2M,death_30d,early:plain,0.16,0.028473244968090325
I2M,death_30d,early:plain,0.17,0.02472473276976919
I2M,death_30d,early:plain,0.18000000000000002,0.023310505997722192
I2M,death_30d,early:plain,0.19,0.022969401582702574
I2M,death_30d,early:plain,0.2,0.021224984839296544
I2M,death_30d,early:plain,0.21000000000000002,0.017455918815392525
I2M,death_30d,early:plain,0.22,0.01579823047379142
I2M,death_30d,early:plain,0.23,0.015562363652115017
I2M,death_30d,early:plain,0.24000000000000002,0.015416041620120646
I2M,death_30d,early:plain,0.25,0.012937133616333134
I2M,death_30d,early:plain,0.26,0.0120957828659466
I2M,death_30d,early:plain,0.27,0.012319629165039833
I2M,death_30d,early:plain,0.28,0.01115153965366215
I2M,death_30d,early:plain,0.29000000000000004,0.01172712442026324
I2M,death_30d,early:plain,0.3,0.010049380576973056
I2M,death_30d,early:plain,0.31,0.009685272585053743
I2M,death_30d,early:plain,0.32,0.009845539185959403
I2M,death_30d,early:plain,0.33,0.008906347582886054
I2M,death_30d,early:plain,0.34,0.009188305125236598
I2M,death_30d,early:plain,0.35000000000000003,0.008256752344077994
I2M,death_30d,early:plain,0.36000000000000004,0.007466646452395391
I2M,death_30d,early:plain,0.37,0.006930607294464177
I2M,death_30d,early:plain,0.38,0.0071597644711359765
I2M,death_30d,early:plain,0.39,0.006869538418713776
I2M,death_30d,early:plain,0.4,0.006064281382656154
I2M,death_30d,early:plain,0.41000000000000003,0.0052522843839615165
I2M,death_30d,early:plain,0.42000000000000004,0.005917902176867902
I2M,death_30d,early:plain,0.43,0.006191950464396285
I2M,death_30d,early:plain,0.44,0.006497444338560166
I2M,death_30d,early:plain,0.45,0.005127074259882023
I2M,death_30d,early:plain,0.46,0.00496372661321115
I2M,death_30d,early:plain,0.47000000000000003,0.004725562662333947
I2M,death_30d,early:plain,0.48000000000000004,0.004571535196156178
I2M,death_30d,early:plain,0.49,0.004411467437187125
I2M,death_30d,early:plain,0.5,0.0036385688295936932
I2M,death_30d,early:blockstd,0.01,0.08300714850138743
I2M,death_30d,early:blockstd,0.02,0.0742936349797651
I2M,death_30d,early:blockstd,0.03,0.06953292529680594
I2M,death_30d,early:blockstd,0.04,0.06728825550838892
I2M,death_30d,early:blockstd,0.05,0.0656219080144266
I2M,death_30d,early:blockstd,0.060000000000000005,0.06404913358192586
I2M,death_30d,early:blockstd,0.06999999999999999,0.06040154671778922
I2M,death_30d,early:blockstd,0.08,0.05394573786484563
I2M,death_30d,early:blockstd,0.09,0.04884078928954611
I2M,death_30d,early:blockstd,0.09999999999999999,0.04568425308267637
I2M,death_30d,early:blockstd,0.11,0.03847071088368163
I2M,death_30d,early:blockstd,0.12,0.03351893709686311
I2M,death_30d,early:blockstd,0.13,0.032321922725720216
I2M,death_30d,early:blockstd,0.14,0.030180377113684122
I2M,death_30d,early:blockstd,0.15000000000000002,0.026968216031106197
I2M,death_30d,early:blockstd,0.16,0.02194692309913656
I2M,death_30d,early:blockstd,0.17,0.018214763237303366
I2M,death_30d,early:blockstd,0.18000000000000002,0.015205076247245188
I2M,death_30d,early:blockstd,0.19,0.014741444496851814
I2M,death_30d,early:blockstd,0.2,0.011673741661613099
I2M,death_30d,early:blockstd,0.21000000000000002,0.009388121684795542
I2M,death_30d,early:blockstd,0.22,0.007914664676338418
I2M,death_30d,early:blockstd,0.23,0.008253723232498247
I2M,death_30d,early:blockstd,0.24000000000000002,0.006734544061791835
I2M,death_30d,early:blockstd,0.25,0.0066707095209217705
I2M,death_30d,early:blockstd,0.26,0.006211790929801846
I2M,death_30d,early:blockstd,0.27,0.00577352816567949
I2M,death_30d,early:blockstd,0.28,0.005356781888012937
I2M,death_30d,early:blockstd,0.29000000000000004,0.005321193382246176
I2M,death_30d,early:blockstd,0.3,0.00467815992376332
I2M,death_30d,early:blockstd,0.31,0.0034276373032404352
I2M,death_30d,early:blockstd,0.32,0.0033888631256019687
I2M,death_30d,early:blockstd,0.33,0.0027425033715594255
I2M,death_30d,early:blockstd,0.34,0.0020949335685539446
I2M,death_30d,early:blockstd,0.35000000000000003,0.002379064234734338
I2M,death_30d,early:blockstd,0.36000000000000004,0.00234990903577926
I2M,death_30d,early:blockstd,0.37,0.0017134001366869772
I2M,death_30d,early:blockstd,0.38,0.0010759208904712533
I2M,death_30d,early:blockstd,0.39,0.0010438517134080268
I2M,death_30d,early:blockstd,0.4,0.0014149989892864362
I2M,death_30d,early:blockstd,0.41000000000000003,0.0013978682509173512
I2M,death_30d,early:blockstd,0.42000000000000004,0.0013801467974320905
I2M,death_30d,early:blockstd,0.43,-0.0004574808762354643
I2M,death_30d,early:blockstd,0.44,-0.0004764792514944122
I2M,death_30d,early:blockstd,0.45,-0.0004961684767627763
I2M,death_30d,early:blockstd,0.46,-0.0005165869325966354
I2M,death_30d,early:blockstd,0.47000000000000003,-0.00053777589619781
I2M,death_30d,early:blockstd,0.48000000000000004,-0.0005597798199374913
I2M,death_30d,early:blockstd,0.49,-0.000582646642647356
I2M,death_30d,early:blockstd,0.5,-0.0006064281382656155
I2M,death_30d,inter:plain,0.01,0.06625993102645619
I2M,death_30d,inter:plain,0.02,0.059071051100852714
I2M,death_30d,inter:plain,0.03,0.05530374547523335
I2M,death_30d,inter:plain,0.04,0.05195067717808773
I2M,death_30d,inter:plain,0.05,0.048258912897768985
I2M,death_30d,inter:plain,0.060000000000000005,0.04695302117337394
I2M,death_30d,inter:plain,0.06999999999999999,0.04430837848940707
I2M,death_30d,inter:plain,0.08,0.04081525034935534
I2M,death_30d,inter:plain,0.09,0.03894468175850832
I2M,death_30d,inter:plain,0.09999999999999999,0.03705949733845429
I2M,death_30d,inter:plain,0.11,0.03532954940345187
I2M,death_30d,inter:plain,0.12,0.03420805998125587
I2M,death_30d,inter:plain,0.13,0.03183399203975938
I2M,death_30d,inter:plain,0.14,0.029573948975418502
I2M,death_30d,inter:plain,0.15000000000000002,0.027039560517960966
I2M,death_30d,inter:plain,0.16,0.025181206503219842
I2M,death_30d,inter:plain,0.17,0.024235206441289715
I2M,death_30d,inter:plain,0.18000000000000002,0.021772249256755753
I2M,death_30d,inter:plain,0.19,0.020566149331057354
I2M,death_30d,inter:plain,0.2,0.018647665251667674
I2M,death_30d,inter:plain,0.21000000000000002,0.016718993482816587
I2M,death_30d,inter:plain,0.22,0.015596087761036215
I2M,death_30d,inter:plain,0.23,0.013191780929803977
I2M,death_30d,inter:plain,0.24000000000000002,0.0113306310044365
I2M,death_30d,inter:plain,0.25,0.009702850212249856
I2M,death_30d,inter:plain,0.26,0.007670496451575887
I2M,death_30d,inter:plain,0.27,0.005873214982928629
I2M,death_30d,inter:plain,0.28,0.004480830132740372
I2M,death_30d,inter:plain,0.29000000000000004,0.0033481666225369175
I2M,death_30d,inter:plain,0.3,0.0022524473707008497
I2M,death_30d,inter:plain,0.31,0.0011952786493351214
I2M,death_30d,inter:plain,0.32,0.00017836121713694225
I2M,death_30d,inter:plain,0.33,-0.0007965026293638017
I2M,death_30d,inter:plain,0.34,-0.0029770108605766676
I2M,death_30d,inter:plain,0.35000000000000003,-0.005504501562718672
I2M,death_30d,inter:plain,0.36000000000000004,-0.007731958762886612
I2M,death_30d,inter:plain,0.37,-0.010684686245632277
I2M,death_30d,inter:plain,0.38,-0.011248263854926735
I2M,death_30d,inter:plain,0.39,-0.013281770372505941
I2M,death_30d,inter:plain,0.4,-0.014958560743885192
I2M,death_30d,inter:plain,0.41000000000000003,-0.017678921996895913
I2M,death_30d,inter:plain,0.42000000000000004,-0.019405700424499704
I2M,death_30d,inter:plain,0.43,-0.02115051120828145
I2M,death_30d,inter:plain,0.44,-0.02196136186433336
I2M,death_30d,inter:plain,0.45,-0.022713490269584864
I2M,death_30d,inter:plain,0.46,-0.02513307728589717
I2M,death_30d,inter:plain,0.47000000000000003,-0.027392244585054404
I2M,death_30d,inter:plain,0.48000000000000004,-0.03088118673321827
I2M,death_30d,inter:plain,0.49,-0.03334165685679972
I2M,death_30d,inter:plain,0.5,-0.03577926015767132
I2M,death_30d,late:mean,0.01,0.08300714850138743
I2M,death_30d,late:mean,0.02,0.0736624546725907
I2M,death_30d,late:mean,0.03,0.06411883490775416
I2M,death_30d,late:mean,0.04,0.054553264604811
I2M,death_30d,late:mean,0.05,0.04487568223165555
I2M,death_30d,late:mean,0.060000000000000005,0.034927680218830234
I2M,death_30d,late:mean,0.06999999999999999,0.024759221946177884
I2M,death_30d,late:mean,0.08,0.014396076673609828
I2M,death_30d,late:mean,0.09,0.004191684604055751
I2M,death_30d,late:mean,0.09999999999999999,-0.00572737686139746
I2M,death_30d,late:mean,0.11,-0.015828455788663195
I2M,death_30d,late:mean,0.12,-0.025580241468658685
I2M,death_30d,late:mean,0.13,-0.03604413681576435
I2M,death_30d,late:mean,0.14,-0.046229568307783436
I2M,death_30d,late:mean,0.15000000000000002,-0.056255127884992706
I2M,death_30d,late:mean,0.16,-0.06630280978370731
I2M,death_30d,late:mean,0.17,-0.07587658091431829
I2M,death_30d,late:mean,0.18000000000000002,-0.08620154121492701
I2M,death_30d,late:mean,0.19,-0.09559104283179479
I2M,death_30d,late:mean,0.2,-0.1062765312310491
I2M,death_30d,late:mean,0.21000000000000002,-0.11738606443490879
I2M,death_30d,late:mean,0.22,-0.12641694266921677
I2M,death_30d,late:mean,0.23,-0.13757255479511393
I2M,death_30d,late:mean,0.24000000000000002,-0.14841530752290066
I2M,death_30d,late:mean,0.25,-0.15868202951283605
I2M,death_30d,late:mean,0.26,-0.16834117319259834
I2M,death_30d,late:mean,0.27,-0.1763958231223573
I2M,death_30d,late:mean,0.28,-0.1865103429688027
I2M,death_30d,late:mean,0.29000000000000004,-0.1947403035557188
I2M,death_30d,late:mean,0.3,-0.2034133240925236
I2M,death_30d,late:mean,0.31,-0.21267171144567198
I2M,death_30d,late:mean,0.32,-0.21988370848642674
I2M,death_30d,late:mean,0.33,-0.22806223581908536
I2M,death_30d,late:mean,0.34,-0.23512872815480462
I2M,death_30d,late:mean,0.35000000000000003,-0.24196482716798062
I2M,death_30d,late:mean,0.36000000000000004,-0.24583080654942396
I2M,death_30d,late:mean,0.37,-0.2515906706325142
I2M,death_30d,late:mean,0.38,-0.25972730295976054
I2M,death_30d,late:mean,0.39,-0.2646710872958276
I2M,death_30d,late:mean,0.4,-0.27208409136850614
I2M,death_30d,late:mean,0.41000000000000003,-0.27682930589674276
I2M,death_30d,late:mean,0.42000000000000004,-0.28341105372116854
I2M,death_30d,late:mean,0.43,-0.28522336769759443
I2M,death_30d,late:mean,0.44,-0.2912154552542666
I2M,death_30d,late:mean,0.45,-0.29808699487292567
I2M,death_30d,late:mean,0.46,-0.3033937515441457
I2M,death_30d,late:mean,0.47000000000000003,-0.30592583269448603
I2M,death_30d,late:mean,0.48000000000000004,-0.3080188459206046
I2M,death_30d,late:mean,0.49,-0.3107409124959868
I2M,death_30d,late:mean,0.5,-0.31594906003638573
I2M,death_30d,late:wsrc,0.01,0.08300714850138743
I2M,death_30d,late:wsrc,0.02,0.0736624546725907
I2M,death_30d,late:wsrc,0.03,0.06413759041718506
I2M,death_30d,late:wsrc,0.04,0.0545785324439054
I2M,death_30d,late:wsrc,0.05,0.044843764961220514
I2M,death_30d,late:wsrc,0.060000000000000005,0.034888972039792
I2M,death_30d,late:wsrc,0.06999999999999999,0.024759221946177884
I2M,death_30d,late:wsrc,0.08,0.014554275318374776
I2M,death_30d,late:wsrc,0.09,0.0044915666504508345
I2M,death_30d,late:wsrc,0.09999999999999999,-0.005794757765649194
I2M,death_30d,late:wsrc,0.11,-0.015303793242073843
I2M,death_30d,late:wsrc,0.12,-0.025249462484150165
I2M,death_30d,late:wsrc,0.13,-0.03559105832165785
I2M,death_30d,late:wsrc,0.14,-0.04563724314947748
I2M,death_30d,late:wsrc,0.15000000000000002,-0.056255127884992706
I2M,death_30d,late:wsrc,0.16,-0.06630280978370731
I2M,death_30d,late:wsrc,0.17,-0.07624920543301161
I2M,death_30d,late:wsrc,0.18000000000000002,-0.08606842284311261
I2M,death_30d,late:wsrc,0.19,-0.09516429710486715
I2M,death_30d,late:wsrc,0.2,-0.1059733171619163
I2M,death_30d,late:wsrc,0.21000000000000002,-0.11545163543689696
I2M,death_30d,late:wsrc,0.22,-0.12556172349986783
I2M,death_30d,late:wsrc,0.23,-0.13684799130523811
I2M,death_30d,late:wsrc,0.24000000000000002,-0.1455108359133127
I2M,death_30d,late:wsrc,0.25,-0.15362846169395594
I2M,death_30d,late:wsrc,0.26,-0.16326028879091342
I2M,death_30d,late:wsrc,0.27,-0.17175207888550142
I2M,death_30d,late:wsrc,0.28,-0.1811872515329156
I2M,death_30d,late:wsrc,0.29000000000000004,-0.18992304341513
I2M,death_30d,late:wsrc,0.3,-0.1980421034393139
I2M,death_30d,late:wsrc,0.31,-0.20600979073834824
I2M,death_30d,late:wsrc,0.32,-0.21324867120893237
I2M,death_30d,late:wsrc,0.33,-0.22296642922440557
I2M,death_30d,late:wsrc,0.34,-0.22983626440266836
I2M,death_30d,late:wsrc,0.35000000000000003,-0.2367868638335588
I2M,death_30d,late:wsrc,0.36000000000000004,-0.24480745906610074
I2M,death_30d,late:wsrc,0.37,-0.2509842424942486
I2M,death_30d,late:wsrc,0.38,-0.2542890119133786
I2M,death_30d,late:wsrc,0.39,-0.26290151010547874
I2M,death_30d,late:wsrc,0.4,-0.2666262381241156
I2M,death_30d,late:wsrc,0.41000000000000003,-0.2745372131029592
I2M,death_30d,late:wsrc,0.42000000000000004,-0.2810480751134439
I2M,death_30d,late:wsrc,0.43,-0.2882767865692125
I2M,death_30d,late:wsrc,0.44,-0.29645672702070514
I2M,death_30d,late:wsrc,0.45,-0.30007166877997676
I2M,death_30d,late:wsrc,0.46,-0.3026974822002111
I2M,death_30d,late:wsrc,0.47000000000000003,-0.30417520052175706
I2M,death_30d,late:wsrc,0.48000000000000004,-0.3107710967019639
I2M,death_30d,late:wsrc,0.49,-0.3124175079370741
I2M,death_30d,late:wsrc,0.5,-0.3159490600363857
I2M,death_30d,treat_all,0.01,0.08300714850138743
I2M,death_30d,treat_none,0.01,0.0
I2M,death_30d,treat_all,0.02,0.0736500785881363
I2M,death_30d,treat_none,0.02,0.0
I2M,death_30d,treat_all,0.03,0.06410007939832327
I2M,death_30d,treat_none,0.03,0.0
I2M,death_30d,treat_all,0.04,0.05435112189205579
I2M,death_30d,treat_none,0.04,0.0
I2M,death_30d,treat_all,0.05,0.04439692317513007
I2M,death_30d,treat_none,0.05,0.0
I2M,death_30d,treat_all,0.060000000000000005,0.034230932996142084
I2M,death_30d,treat_none,0.060000000000000005,0.0
I2M,death_30d,treat_all,0.06999999999999999,0.023846319372444705
I2M,death_30d,treat_none,0.06999999999999999,0.0
I2M,death_30d,treat_all,0.08,0.013235953278666918
I2M,death_30d,treat_none,0.08,0.0
I2M,death_30d,treat_all,0.09,0.002392392325685236
I2M,death_30d,treat_none,0.09,0.0
I2M,death_30d,treat_all,0.09999999999999999,-0.008692136648473806
I2M,death_30d,treat_none,0.09999999999999999,0.0
I2M,death_30d,treat_all,0.11,-0.020025756161378014
I2M,death_30d,treat_none,0.11,0.0
I2M,death_30d,treat_all,0.12,-0.03161695793593912
I2M,death_30d,treat_none,0.12,0.0
I2M,death_30d,treat_all,0.13,-0.04347462411911085
I2M,death_30d,treat_none,0.13,0.0
I2M,death_30d,treat_all,0.14,-0.05560804998096097
I2M,death_30d,treat_none,0.14,0.0
I2M,death_30d,treat_all,0.15000000000000002,-0.06802696821603113
I2M,death_30d,treat_none,0.15000000000000002,0.0
I2M,death_30d,treat_all,0.16,-0.08074157498050769
I2M,death_30d,treat_none,0.16,0.0
I2M,death_30d,treat_all,0.17,-0.09376255781159815
I2M,death_30d,treat_none,0.17,0.0
I2M,death_30d,treat_all,0.18000000000000002,-0.10710112558978835
I2M,death_30d,treat_none,0.18000000000000002,0.0
I2M,death_30d,treat_all,0.19,-0.12076904072052644
I2M,death_30d,treat_none,0.19,0.0
I2M,death_30d,treat_all,0.2,-0.13477865372953304
I2M,death_30d,treat_none,0.2,0.0
I2M,death_30d,treat_all,0.21000000000000002,-0.14914294048560311
I2M,death_30d,treat_none,0.21000000000000002,0.0
I2M,death_30d,treat_all,0.22,-0.16387554228670054
I2M,death_30d,treat_none,0.22,0.0
I2M,death_30d,treat_all,0.23,-0.1789908090696447
I2M,death_30d,treat_none,0.23,0.0
I2M,death_30d,treat_all,0.24000000000000002,-0.19450384603108745
I2M,death_30d,treat_none,0.24000000000000002,0.0
I2M,death_30d,treat_all,0.25,-0.21043056397816856
I2M,death_30d,treat_none,0.25,0.0
I2M,death_30d,treat_all,0.26,-0.22678773376165734
I2M,death_30d,treat_none,0.26,0.0
I2M,death_30d,treat_all,0.27,-0.24359304518304992
I2M,death_30d,treat_none,0.27,0.0
I2M,death_30d,treat_all,0.28,-0.26086517081059235
I2M,death_30d,treat_none,0.28,0.0
I2M,death_30d,treat_all,0.29000000000000004,-0.2786238351882063
I2M,death_30d,treat_none,0.29000000000000004,0.0
I2M,death_30d,treat_all,0.3,-0.2968898899766092
I2M,death_30d,treat_none,0.3,0.0
I2M,death_30d,treat_all,0.31,-0.31568539562844417
I2M,death_30d,treat_none,0.31,0.0
I2M,death_30d,treat_all,0.32,-0.3350337102700389
I2M,death_30d,treat_none,0.32,0.0
I2M,death_30d,treat_all,0.33,-0.3549595865427261
I2M,death_30d,treat_none,0.33,0.0
I2M,death_30d,treat_all,0.34,-0.3754892772479189
I2M,death_30d,treat_none,0.34,0.0
I2M,death_30d,treat_all,0.35000000000000003,-0.39665065074404077
I2M,death_30d,treat_none,0.35000000000000003,0.0
I2M,death_30d,treat_all,0.36000000000000004,-0.4184733171619164
I2M,death_30d,treat_none,0.36000000000000004,0.0
I2M,death_30d,treat_all,0.37,-0.4409887666406769
I2M,death_30d,treat_none,0.37,0.0
I2M,death_30d,treat_all,0.38,-0.464230520941333
I2M,death_30d,treat_none,0.38,0.0
I2M,death_30d,treat_all,0.39,-0.48823429997315815
I2M,death_30d,treat_none,0.39,0.0
I2M,death_30d,treat_all,0.4,-0.5130382049727108
I2M,death_30d,treat_none,0.4,0.0
I2M,death_30d,treat_all,0.41000000000000003,-0.5386829203112313
I2M,death_30d,treat_none,0.41000000000000003,0.0
I2M,death_30d,treat_all,0.42000000000000004,-0.5652119361786664
I2M,death_30d,treat_none,0.42000000000000004,0.0
I2M,death_30d,treat_all,0.43,-0.5926717947081165
I2M,death_30d,treat_none,0.43,0.0
I2M,death_30d,treat_all,0.44,-0.6211123624707615
I2M,death_30d,treat_none,0.44,0.0
I2M,death_30d,treat_all,0.45,-0.6505871326975026
I2M,death_30d,treat_none,0.45,0.0
I2M,death_30d,treat_all,0.46,-0.6811535610807897
I2M,death_30d,treat_none,0.46,0.0
I2M,death_30d,treat_all,0.47000000000000003,-0.712873439591748
I2M,death_30d,treat_none,0.47000000000000003,0.0
I2M,death_30d,treat_all,0.48000000000000004,-0.7458133134300509
I2M,death_30d,treat_none,0.48000000000000004,0.0
I2M,death_30d,treat_all,0.49,-0.7800449470267184
I2M,death_30d,treat_none,0.49,0.0
I2M,death_30d,treat_all,0.5,-0.8156458459672529
I2M,death_30d,treat_none,0.5,0.0
I2M,composite_30d,uni:ehr_only,0.01,0.12414625331544676
I2M,composite_30d,uni:ehr_only,0.02,0.11550599621291815
I2M,composite_30d,uni:ehr_only,0.03,0.10690640375610336
I2M,composite_30d,uni:ehr_only,0.04,0.09831716191631291
I2M,composite_30d,uni:ehr_only,0.05,0.08978328173374613
I2M,composite_30d,uni:ehr_only,0.060000000000000005,0.08060333148394255
I2M,composite_30d,uni:ehr_only,0.06999999999999999,0.07213234479026065
I2M,composite_30d,uni:ehr_only,0.08,0.06364858807709547
I2M,composite_30d,uni:ehr_only,0.09,0.055251601036925474
I2M,composite_30d,uni:ehr_only,0.09999999999999999,0.046829728454955866
I2M,composite_30d,uni:ehr_only,0.11,0.03851159367951977
I2M,composite_30d,uni:ehr_only,0.12,0.030156017421026526
I2M,composite_30d,uni:ehr_only,0.13,0.021922028676383445
I2M,composite_30d,uni:ehr_only,0.14,0.013637581620996514
I2M,composite_30d,uni:ehr_only,0.15000000000000002,0.005493525487817896
I2M,composite_30d,uni:ehr_only,0.16,-0.0027144878569984876
I2M,composite_30d,uni:ehr_only,0.17,-0.010762272863436784
I2M,composite_30d,uni:ehr_only,0.18000000000000002,-0.01962756437752372
I2M,composite_30d,uni:ehr_only,0.19,-0.028329926854285037
I2M,composite_30d,uni:ehr_only,0.2,-0.03638568829593691
I2M,composite_30d,uni:ehr_only,0.21000000000000002,-0.04500617942596588
I2M,composite_30d,uni:ehr_only,0.22,-0.05297694018130647
I2M,composite_30d,uni:ehr_only,0.23,-0.06072157072763498
I2M,composite_30d,uni:ehr_only,0.24000000000000002,-0.06859021416488462
I2M,composite_30d,uni:ehr_only,0.25,-0.07620780270871233
I2M,composite_30d,uni:ehr_only,0.26,-0.0839657122252635
I2M,composite_30d,uni:ehr_only,0.27,-0.09144604035654652
I2M,composite_30d,uni:ehr_only,0.28,-0.09908361970217644
I2M,composite_30d,uni:ehr_only,0.29000000000000004,-0.10641532640353954
I2M,composite_30d,uni:ehr_only,0.3,-0.11478818331456295
I2M,composite_30d,uni:ehr_only,0.31,-0.12197115511377124
I2M,composite_30d,uni:ehr_only,0.32,-0.1293475546677131
I2M,composite_30d,uni:ehr_only,0.33,-0.13726093607161285
I2M,composite_30d,uni:ehr_only,0.34,-0.14541411691199446
I2M,composite_30d,uni:ehr_only,0.35000000000000003,-0.1522601110229977
I2M,composite_30d,uni:ehr_only,0.36000000000000004,-0.15933899332929052
I2M,composite_30d,uni:ehr_only,0.37,-0.1669410032054059
I2M,composite_30d,uni:ehr_only,0.38,-0.1748273636025744
I2M,composite_30d,uni:ehr_only,0.39,-0.1822664506059311
I2M,composite_30d,uni:ehr_only,0.4,-0.19102486355366893
I2M,composite_30d,uni:ehr_only,0.41000000000000003,-0.1983020012128563
I2M,composite_30d,uni:ehr_only,0.42000000000000004,-0.20486815415821508
I2M,composite_30d,uni:ehr_only,0.43,-0.21193067568861507
I2M,composite_30d,uni:ehr_only,0.44,-0.2193537208697912
I2M,composite_30d,uni:ehr_only,0.45,-0.22619769557307456
I2M,composite_30d,uni:ehr_only,0.46,-0.23230689755856526
I2M,composite_30d,uni:ehr_only,0.47000000000000003,-0.2400311223497374
I2M,composite_30d,uni:ehr_only,0.48000000000000004,-0.24938190978215236
I2M,composite_30d,uni:ehr_only,0.49,-0.25694716940748397
I2M,composite_30d,uni:ehr_only,0.5,-0.2625833838690115
I2M,composite_30d,early:plain,0.01,0.12406049580094455
I2M,composite_30d,early:plain,0.02,0.11566688531082536
I2M,composite_30d,early:plain,0.03,0.1075440910767538
I2M,composite_30d,early:plain,0.04,0.10241055184960583
I2M,composite_30d,early:plain,0.05,0.09910312470077559
I2M,composite_30d,early:plain,0.060000000000000005,0.09468020592751247
I2M,composite_30d,early:plain,0.06999999999999999,0.08951009735453877
I2M,composite_30d,early:plain,0.08,0.08542726817306931
I2M,composite_30d,early:plain,0.09,0.08158124471041392
I2M,composite_30d,early:plain,0.09999999999999999,0.07506232733643285
I2M,composite_30d,early:plain,0.11,0.07437261942886735
I2M,composite_30d,early:plain,0.12,0.07169634489222118
I2M,composite_30d,early:plain,0.13,0.06741110948467549
I2M,composite_30d,early:plain,0.14,0.06484550185454187
I2M,composite_30d,early:plain,0.15000000000000002,0.06199835907680233
I2M,composite_30d,early:plain,0.16,0.058823529411764705
I2M,composite_30d,early:plain,0.17,0.05664623320449779
I2M,composite_30d,early:plain,0.18000000000000002,0.050584981289473294
I2M,composite_30d,early:plain,0.19,0.04711422560624097
I2M,composite_30d,early:plain,0.2,0.04214675560946028
I2M,composite_30d,early:plain,0.21000000000000002,0.041252466013157185
I2M,composite_30d,early:plain,0.22,0.04031969647494208
I2M,composite_30d,early:plain,0.23,0.03808683735912359
I2M,composite_30d,early:plain,0.24000000000000002,0.03593884650984647
I2M,composite_30d,early:plain,0.25,0.03375783303011927
I2M,composite_30d,early:plain,0.26,0.03076393555471784
I2M,composite_30d,early:plain,0.27,0.029997424757221065
I2M,composite_30d,early:plain,0.28,0.02718819486557509
I2M,composite_30d,early:plain,0.29000000000000004,0.026033703738501345
I2M,composite_30d,early:plain,0.3,0.02538334921597505
I2M,composite_30d,early:plain,0.31,0.02250815162461219
I2M,composite_30d,early:plain,0.32,0.019405700424499694
I2M,composite_30d,early:plain,0.33,0.01612917824461681
I2M,composite_30d,early:plain,0.34,0.013267912600841647
I2M,composite_30d,early:plain,0.35000000000000003,0.01138218967206232
I2M,composite_30d,early:plain,0.36000000000000004,0.011711643420254696
I2M,composite_30d,early:plain,0.37,0.010203394072405593
I2M,composite_30d,early:plain,0.38,0.009702850212249852
I2M,composite_30d,early:plain,0.39,0.0076648540098817955
I2M,composite_30d,early:plain,0.4,0.006872852233676972
I2M,composite_30d,early:plain,0.41000000000000003,0.006537089761642904
I2M,composite_30d,early:plain,0.42000000000000004,0.004788691160787097
I2M,composite_30d,early:plain,0.43,0.003500260657708556
I2M,composite_30d,early:plain,0.44,0.0024690288486528614
I2M,composite_30d,early:plain,0.45,0.0013231159380340703
I2M,composite_30d,early:plain,0.46,0.00022460301417244824
I2M,composite_30d,early:plain,0.47000000000000003,0.0008581530258475675
I2M,composite_30d,early:plain,0.48000000000000004,-0.0012595045948593578
I2M,composite_30d,early:plain,0.49,-0.0009869320681577635
I2M,composite_30d,early:plain,0.5,-0.0018192844147968436
I2M,composite_30d,early:blockstd,0.01,0.12404824472744425
I2M,composite_30d,early:blockstd,0.02,0.11510996151037735
I2M,composite_30d,early:blockstd,0.03,0.10606240583171306
I2M,composite_30d,early:blockstd,0.04,0.09781180513442489
I2M,composite_30d,early:blockstd,0.05,0.09109188982158245
I2M,composite_30d,early:blockstd,0.060000000000000005,0.08671922377198302
I2M,composite_30d,early:blockstd,0.06999999999999999,0.08463258931773576
I2M,composite_30d,early:blockstd,0.08,0.08366071663986077
I2M,composite_30d,early:blockstd,0.09,0.08198108743894068
I2M,composite_30d,early:blockstd,0.09999999999999999,0.0795768479212991
I2M,composite_30d,early:blockstd,0.11,0.07671656639025354
I2M,composite_30d,early:blockstd,0.12,0.0748387452450521
I2M,composite_30d,early:blockstd,0.13,0.07151669768511743
I2M,composite_30d,early:blockstd,0.14,0.06652375646974205
I2M,composite_30d,early:blockstd,0.15000000000000002,0.06417436592587307
I2M,composite_30d,early:blockstd,0.16,0.060411793583412754
I2M,composite_30d,early:blockstd,0.17,0.05799791038015008
I2M,composite_30d,early:blockstd,0.18000000000000002,0.05332130337676936
I2M,composite_30d,early:blockstd,0.19,0.05166618002680262
I2M,composite_30d,early:blockstd,0.2,0.04578532443905397
I2M,composite_30d,early:blockstd,0.21000000000000002,0.043094779344597024
I2M,composite_30d,early:blockstd,0.22,0.04162584938812956
I2M,composite_30d,early:blockstd,0.23,0.03890590913028754
I2M,composite_30d,early:blockstd,0.24000000000000002,0.035938846509846474
I2M,composite_30d,early:blockstd,0.25,0.030321406913280776
I2M,composite_30d,early:blockstd,0.26,0.02702702702702703
I2M,composite_30d,early:blockstd,0.27,0.02657484403166718
I2M,composite_30d,early:blockstd,0.28,0.019944747658513576
I2M,composite_30d,early:blockstd,0.29000000000000004,0.019901092424773014
I2M,composite_30d,early:blockstd,0.3,0.018452741921510873
I2M,composite_30d,early:blockstd,0.31,0.015731976340513792
I2M,composite_30d,early:blockstd,0.32,0.014625619805229549
I2M,composite_30d,early:blockstd,0.33,0.01144067413086176
I2M,composite_30d,early:blockstd,0.34,0.012036679714059941
I2M,composite_30d,early:blockstd,0.35000000000000003,0.011475486308718568
I2M,composite_30d,early:blockstd,0.36000000000000004,0.010612492419648269
I2M,composite_30d,early:blockstd,0.37,0.00986648955114692
I2M,composite_30d,early:blockstd,0.38,0.006905455897024588
I2M,composite_30d,early:blockstd,0.39,0.0065116464026881635
I2M,composite_30d,early:blockstd,0.4,0.0036385688295936906
I2M,composite_30d,early:blockstd,0.41000000000000003,0.003885251462108519
I2M,composite_30d,early:blockstd,0.42000000000000004,0.0003136697266891107
I2M,composite_30d,early:blockstd,0.43,-0.0003510899747853555
I2M,composite_30d,early:blockstd,0.44,0.0002598977735424066
I2M,composite_30d,early:blockstd,0.45,-0.00016538949225425835
I2M,composite_30d,early:blockstd,0.46,-0.0006513487411001053
I2M,composite_30d,early:blockstd,0.47000000000000003,-0.00045768161378537033
I2M,composite_30d,early:blockstd,0.48000000000000004,0.0004198348649531178
I2M,composite_30d,early:blockstd,0.49,-0.00039239467770127955
I2M,composite_30d,early:blockstd,0.5,0.0
I2M,composite_30d,inter:plain,0.01,0.1127221272764026
I2M,composite_30d,inter:plain,0.02,0.10772143909110035
I2M,composite_30d,inter:plain,0.03,0.1036554487880815
I2M,composite_30d,inter:plain,0.04,0.09601778855872245
I2M,composite_30d,inter:plain,0.05,0.09105997255114744
I2M,composite_30d,inter:plain,0.060000000000000005,0.08808691276466717
I2M,composite_30d,inter:plain,0.06999999999999999,0.08414353436752153
I2M,composite_30d,inter:plain,0.08,0.0809977061196509
I2M,composite_30d,inter:plain,0.09,0.07481723855283588
I2M,composite_30d,inter:plain,0.09999999999999999,0.07243447207061518
I2M,composite_30d,inter:plain,0.11,0.06963702891095046
I2M,composite_30d,inter:plain,0.12,0.06621092673245493
I2M,composite_30d,inter:plain,0.13,0.06347978224350528
I2M,composite_30d,inter:plain,0.14,0.06075563766623887
I2M,composite_30d,inter:plain,0.15000000000000002,0.057717689865515634
I2M,composite_30d,inter:plain,0.16,0.054953940339022206
I2M,composite_30d,inter:plain,0.17,0.05093265725120006
I2M,composite_30d,inter:plain,0.18000000000000002,0.04716827641290361
I2M,composite_30d,inter:plain,0.19,0.044216846723416366
I2M,composite_30d,inter:plain,0.2,0.04199514857489388
I2M,composite_30d,inter:plain,0.21000000000000002,0.04060765634715324
I2M,composite_30d,inter:plain,0.22,0.037676291769681694
I2M,composite_30d,inter:plain,0.23,0.03465303647232089
I2M,composite_30d,inter:plain,0.24000000000000002,0.03143851137850691
I2M,composite_30d,inter:plain,0.25,0.029512836062259955
I2M,composite_30d,inter:plain,0.26,0.026666448134004227
I2M,composite_30d,inter:plain,0.27,0.02379192038346195
I2M,composite_30d,inter:plain,0.28,0.021123913482918942
I2M,composite_30d,inter:plain,0.29000000000000004,0.018944473389762462
I2M,composite_30d,inter:plain,0.3,0.016893355280256435
I2M,composite_30d,inter:plain,0.31,0.014501542436786453
I2M,composite_30d,inter:plain,0.32,0.01187885706132058
I2M,composite_30d,inter:plain,0.33,0.010689427332711804
I2M,composite_30d,inter:plain,0.34,0.00804895528970724
I2M,composite_30d,inter:plain,0.35000000000000003,0.005691094836031155
I2M,composite_30d,inter:plain,0.36000000000000004,0.0032974530018192727
I2M,composite_30d,inter:plain,0.37,0.0015786383281835015
I2M,composite_30d,inter:plain,0.38,-0.002445274751071036
I2M,composite_30d,inter:plain,0.39,-0.0045531817594369195
I2M,composite_30d,inter:plain,0.4,-0.007681423084697797
I2M,composite_30d,inter:plain,0.41000000000000003,-0.011460463968918005
I2M,composite_30d,inter:plain,0.42000000000000004,-0.014512452688149574
I2M,composite_30d,inter:plain,0.43,-0.0176502505505729
I2M,composite_30d,inter:plain,0.44,-0.02135493372606774
I2M,composite_30d,inter:plain,0.45,-0.025525111637907258
I2M,composite_30d,inter:plain,0.46,-0.030658311434539454
I2M,composite_30d,inter:plain,0.47000000000000003,-0.033788345137704956
I2M,composite_30d,inter:plain,0.48000000000000004,-0.038018379437421285
I2M,composite_30d,inter:plain,0.49,-0.04290181809534001
I2M,composite_30d,inter:plain,0.5,-0.04608853850818678
I2M,composite_30d,late:mean,0.01,0.12404824472744425
I2M,composite_30d,late:mean,0.02,0.11510996151037735
I2M,composite_30d,late:mean,0.03,0.10602489481285127
I2M,composite_30d,late:mean,0.04,0.09682635940974327
I2M,composite_30d,late:mean,0.05,0.0874852382624238
I2M,composite_30d,late:mean,0.060000000000000005,0.07807439712011147
I2M,composite_30d,late:mean,0.06999999999999999,0.06849377596066696
I2M,composite_30d,late:mean,0.08,0.058823529411764705
I2M,composite_30d,late:mean,0.09,0.049080694926662186
I2M,composite_30d,late:mean,0.09999999999999999,0.03968735260427195
I2M,composite_30d,late:mean,0.11,0.02967409597917703
I2M,composite_30d,late:mean,0.12,0.02017751805501959
I2M,composite_30d,late:mean,0.13,0.010567184570237614
I2M,composite_30d,late:mean,0.14,0.0010154145570958895
I2M,composite_30d,late:mean,0.15000000000000002,-0.009167766560839036
I2M,composite_30d,late:mean,0.16,-0.01796182390481968
I2M,composite_30d,late:mean,0.17,-0.027530376204636636
I2M,composite_30d,late:mean,0.18000000000000002,-0.037598544572468195
I2M,composite_30d,late:mean,0.19,-0.04721155357904899
I2M,composite_30d,late:mean,0.2,-0.05639781685870224
I2M,composite_30d,late:mean,0.21000000000000002,-0.06507204212756487
I2M,composite_30d,late:mean,0.22,-0.07502604531106652
I2M,composite_30d,late:mean,0.23,-0.08486843659675677
I2M,composite_30d,late:mean,0.24000000000000002,-0.09342185056333985
I2M,composite_30d,late:mean,0.25,-0.10208206994137858
I2M,composite_30d,late:mean,0.26,-0.10953403373051646
I2M,composite_30d,late:mean,0.27,-0.11903436703024667
I2M,composite_30d,late:mean,0.28,-0.12751836129640862
I2M,composite_30d,late:mean,0.29000000000000004,-0.13501140255724772
I2M,composite_30d,late:mean,0.3,-0.14285714285714288
I2M,composite_30d,late:mean,0.31,-0.14894402404619403
I2M,composite_30d,late:mean,0.32,-0.1558877037776906
I2M,composite_30d,late:mean,0.33,-0.16323778318836388
I2M,composite_30d,late:mean,0.34,-0.17136189058566262
I2M,composite_30d,late:mean,0.35000000000000003,-0.17968932219993472
I2M,composite_30d,late:mean,0.36000000000000004,-0.18681776834445124
I2M,composite_30d,late:mean,0.37,-0.19390299074956446
I2M,composite_30d,late:mean,0.38,-0.20070815156791016
I2M,composite_30d,late:mean,0.39,-0.20729900883794455
I2M,composite_30d,late:mean,0.4,-0.21305841924398627
I2M,composite_30d,late:mean,0.41000000000000003,-0.21697793218283296
I2M,composite_30d,late:mean,0.42000000000000004,-0.2216181175634136
I2M,composite_30d,late:mean,0.43,-0.22503803474726836
I2M,composite_30d,late:mean,0.44,-0.23130901845274193
I2M,composite_30d,late:mean,0.45,-0.23579028612382158
I2M,composite_30d,late:mean,0.46,-0.2385284010511421
I2M,composite_30d,late:mean,0.47000000000000003,-0.24252548714486769
I2M,composite_30d,late:mean,0.48000000000000004,-0.2497084480104492
I2M,composite_30d,late:mean,0.49,-0.25597212808713543
I2M,composite_30d,late:mean,0.5,-0.2601576713159491
I2M,composite_30d,late:wsrc,0.01,0.12404824472744425
I2M,composite_30d,late:wsrc,0.02,0.11510996151037735
I2M,composite_30d,late:wsrc,0.03,0.10606240583171306
I2M,composite_30d,late:wsrc,0.04,0.09687689508793207
I2M,composite_30d,late:wsrc,0.05,0.08751715553285883
I2M,composite_30d,late:wsrc,0.060000000000000005,0.07799698076203501
I2M,composite_30d,late:wsrc,0.06999999999999999,0.06849377596066696
I2M,composite_30d,late:wsrc,0.08,0.05887626229335302
I2M,composite_30d,late:wsrc,0.09,0.049620482610173336
I2M,composite_30d,late:wsrc,0.09999999999999999,0.03982211441277542
I2M,composite_30d,late:wsrc,0.11,0.030423613902876095
I2M,composite_30d,late:wsrc,0.12,0.020839076024036618
I2M,composite_30d,late:wsrc,0.13,0.011835804353735796
I2M,composite_30d,late:wsrc,0.14,0.0024962274528607664
I2M,composite_30d,late:wsrc,0.15000000000000002,-0.006956087468340921
I2M,composite_30d,late:wsrc,0.16,-0.01657570244592685
I2M,composite_30d,late:wsrc,0.17,-0.02454938005508997
I2M,composite_30d,late:wsrc,0.18000000000000002,-0.03427058527710808
I2M,composite_30d,late:wsrc,0.19,-0.04322859346105756
I2M,composite_30d,late:wsrc,0.2,-0.050788356579745286
I2M,composite_30d,late:wsrc,0.21000000000000002,-0.05894635030052739
I2M,composite_30d,late:wsrc,0.22,-0.06784220428853541
I2M,composite_30d,late:wsrc,0.23,-0.07804808896379542
I2M,composite_30d,late:wsrc,0.24000000000000002,-0.08713414828763846
I2M,composite_30d,late:wsrc,0.25,-0.09541136042045684
I2M,composite_30d,late:wsrc,0.26,-0.10420730008358872
I2M,composite_30d,late:wsrc,0.27,-0.1111840301718767
I2M,composite_30d,late:wsrc,0.28,-0.11724277339801903
I2M,composite_30d,late:wsrc,0.29000000000000004,-0.1244971344135157
I2M,composite_30d,late:wsrc,0.3,-0.13367408819197782
I2M,composite_30d,late:wsrc,0.31,-0.1396806145138468
I2M,composite_30d,late:wsrc,0.32,-0.14561409767060254
I2M,composite_30d,late:wsrc,0.33,-0.15278368617796403
I2M,composite_30d,late:wsrc,0.34,-0.15855339324108278
I2M,composite_30d,late:wsrc,0.35000000000000003,-0.16569482670149746
I2M,composite_30d,late:wsrc,0.36000000000000004,-0.1751061249241965
I2M,composite_30d,late:wsrc,0.37,-0.1821113325055108
I2M,composite_30d,late:wsrc,0.38,-0.1878753496742894
I2M,composite_30d,late:wsrc,0.39,-0.19418624302856177
I2M,composite_30d,late:wsrc,0.4,-0.2003234283404084
I2M,composite_30d,late:wsrc,0.41000000000000003,-0.20454101612687714
I2M,composite_30d,late:wsrc,0.42000000000000004,-0.2134208820392715
I2M,composite_30d,late:wsrc,0.43,-0.21773961890779098
I2M,composite_30d,late:wsrc,0.44,-0.22134627046694966
I2M,composite_30d,late:wsrc,0.45,-0.22834775897237997
I2M,composite_30d,late:wsrc,0.46,-0.2342834040832828
I2M,composite_30d,late:wsrc,0.47000000000000003,-0.23781136652287838
I2M,composite_30d,late:wsrc,0.48000000000000004,-0.24592993422587112
I2M,composite_30d,late:wsrc,0.49,-0.2539863732030107
I2M,composite_30d,late:wsrc,0.5,-0.2553062462098241
I2M,composite_30d,treat_all,0.01,0.12404824472744425
I2M,composite_30d,treat_none,0.01,0.0
I2M,composite_30d,treat_all,0.02,0.11510996151037735
I2M,composite_30d,treat_none,0.02,0.0
I2M,composite_30d,treat_all,0.03,0.10598738379398948
I2M,composite_30d,treat_none,0.03,0.0
I2M,composite_30d,treat_all,0.04,0.09667475237517686
I2M,composite_30d,treat_none,0.04,0.0
I2M,composite_30d,treat_all,0.05,0.08716606555807346
I2M,composite_30d,treat_none,0.05,0.0
I2M,composite_30d,treat_all,0.060000000000000005,0.07745506625549978
I2M,composite_30d,treat_none,0.060000000000000005,0.0
I2M,composite_30d,treat_all,0.06999999999999999,0.06753522825824711
I2M,composite_30d,treat_none,0.06999999999999999,0.0
I2M,composite_30d,treat_all,0.08,0.057399741608880214
I2M,composite_30d,treat_none,0.08,0.0
I2M,composite_30d,treat_all,0.09,0.047041497011175604
I2M,composite_30d,treat_none,0.09,0.0
I2M,composite_30d,treat_all,0.09999999999999999,0.03645306920018866
I2M,composite_30d,treat_none,0.09999999999999999,0.0
I2M,composite_30d,treat_all,0.11,0.025626699191202015
I2M,composite_30d,treat_none,0.11,0.0
I2M,composite_30d,treat_all,0.12,0.014554275318374776
I2M,composite_30d,treat_none,0.12,0.0
I2M,composite_30d,treat_all,0.13,0.003227312965712409
I2M,composite_30d,treat_none,0.13,0.0
I2M,composite_30d,treat_all,0.14,-0.008363067116081646
I2M,composite_30d,treat_none,0.14,0.0
I2M,composite_30d,treat_all,0.15000000000000002,-0.02022616202332969
I2M,composite_30d,treat_none,0.15000000000000002,0.0
I2M,composite_30d,treat_all,0.16,-0.03237171157122645
I2M,composite_30d,treat_none,0.16,0.0
I2M,composite_30d,treat_all,0.17,-0.044809924963650855
I2M,composite_30d,treat_none,0.17,0.0
I2M,composite_30d,treat_all,0.18000000000000002,-0.057551509414427104
I2M,composite_30d,treat_none,0.18000000000000002,0.0
I2M,composite_30d,treat_all,0.19,-0.07060770088867926
I2M,composite_30d,treat_none,0.19,0.0
I2M,composite_30d,treat_all,0.2,-0.08399029714978776
I2M,composite_30d,treat_none,0.2,0.0
I2M,composite_30d,treat_all,0.21000000000000002,-0.0977116933162408
I2M,composite_30d,treat_none,0.21000000000000002,0.0
I2M,composite_30d,treat_all,0.22,-0.11178492015362848
I2M,composite_30d,treat_none,0.22,0.0
I2M,composite_30d,treat_all,0.23,-0.12622368535042885
I2M,composite_30d,treat_none,0.23,0.0
I2M,composite_30d,treat_all,0.24000000000000002,-0.14104241805240822
I2M,composite_30d,treat_none,0.24000000000000002,0.0
I2M,composite_30d,treat_all,0.25,-0.15625631695977357
I2M,composite_30d,treat_none,0.25,0.0
I2M,composite_30d,treat_all,0.26,-0.1718814023240949
I2M,composite_30d,treat_none,0.26,0.0
I2M,composite_30d,treat_all,0.27,-0.18793457221894552
I2M,composite_30d,treat_none,0.27,0.0
I2M,composite_30d,treat_all,0.28,-0.20443366349976425
I2M,composite_30d,treat_none,0.28,0.0
I2M,composite_30d,treat_all,0.29000000000000004,-0.2213975179152539
I2M,composite_30d,treat_none,0.29000000000000004,0.0
I2M,composite_30d,treat_all,0.3,-0.23884605388547173
I2M,composite_30d,treat_none,0.3,0.0
I2M,composite_30d,treat_all,0.31,-0.25680034452149314
I2M,composite_30d,treat_none,0.31,0.0
I2M,composite_30d,treat_all,0.32,-0.2752827025291621
I2M,composite_30d,treat_none,0.32,0.0
I2M,composite_30d,treat_all,0.33,-0.2943167727161645
I2M,composite_30d,treat_none,0.33,0.0
I2M,composite_30d,treat_all,0.34,-0.31392763290883374
I2M,composite_30d,treat_none,0.34,0.0
I2M,composite_30d,treat_all,0.35000000000000003,-0.3341419041843542
I2M,composite_30d,treat_none,0.35000000000000003,0.0
I2M,composite_30d,treat_all,0.36000000000000004,-0.35498787143723476
I2M,composite_30d,treat_none,0.36000000000000004,0.0
I2M,composite_30d,treat_all,0.37,-0.376495615428302
I2M,composite_30d,treat_none,0.37,0.0
I2M,composite_30d,treat_all,0.38,-0.39869715761262936
I2M,composite_30d,treat_none,0.38,0.0
I2M,composite_30d,treat_all,0.39,-0.4216266192128365
I2M,composite_30d,treat_none,0.39,0.0
I2M,composite_30d,treat_all,0.4,-0.4453203961997171
I2M,composite_30d,treat_none,0.4,0.0
I2M,composite_30d,treat_all,0.41000000000000003,-0.46981735206750885
I2M,composite_30d,treat_none,0.41000000000000003,0.0
I2M,composite_30d,treat_all,0.42000000000000004,-0.4951590305514315
I2M,composite_30d,treat_none,0.42000000000000004,0.0
I2M,composite_30d,treat_all,0.43,-0.5213898907365442
I2M,composite_30d,treat_none,0.43,0.0
I2M,composite_30d,treat_all,0.44,-0.5485575673568397
I2M,composite_30d,treat_none,0.44,0.0
I2M,composite_30d,treat_all,0.45,-0.5767131594906003
I2M,composite_30d,treat_none,0.45,0.0
I2M,composite_30d,treat_all,0.46,-0.605911551333019
I2M,composite_30d,treat_none,0.46,0.0
I2M,composite_30d,treat_all,0.47000000000000003,-0.6362117692826985
I2M,composite_30d,treat_none,0.47000000000000003,0.0
I2M,composite_30d,treat_all,0.48000000000000004,-0.6676773802304428
I2M,composite_30d,treat_none,0.48000000000000004,0.0
I2M,composite_30d,treat_all,0.49,-0.7003769367055493
I2M,composite_30d,treat_none,0.49,0.0
I2M,composite_30d,treat_all,0.5,-0.7343844754396605
I2M,composite_30d,treat_none,0.5,0.0
I2M,cv_first,uni:ehr_only,0.01,0.04097415053590352
I2M,cv_first,uni:ehr_only,0.02,0.03149307531777651
I2M,cv_first,uni:ehr_only,0.03,0.022021878123245846
I2M,cv_first,uni:ehr_only,0.04,0.012560867640548909
I2M,cv_first,uni:ehr_only,0.05,0.0031103655553225626
I2M,cv_first,uni:ehr_only,0.060000000000000005,-0.006329292758045842
I2M,cv_first,uni:ehr_only,0.06999999999999999,-0.01647174741892643
I2M,cv_first,uni:ehr_only,0.08,-0.026618165021075127
I2M,cv_first,uni:ehr_only,0.09,-0.03603899420632488
I2M,cv_first,uni:ehr_only,0.09999999999999999,-0.046185627858934625
I2M,cv_first,uni:ehr_only,0.11,-0.0555903725920289
I2M,cv_first,uni:ehr_only,0.12,-0.06498249426536279
I2M,cv_first,uni:ehr_only,0.13,-0.0743615576010136
I2M,cv_first,uni:ehr_only,0.14,-0.08372710707557367
I2M,cv_first,uni:ehr_only,0.15000000000000002,-0.09307866572923994
I2M,cv_first,uni:ehr_only,0.16,-0.10320622272813508
I2M,cv_first,uni:ehr_only,0.17,-0.11240179842877486
I2M,cv_first,uni:ehr_only,0.18000000000000002,-0.12170828879603539
I2M,cv_first,uni:ehr_only,0.19,-0.13099863918810356
I2M,cv_first,uni:ehr_only,0.2,-0.14027224435590968
I2M,cv_first,uni:ehr_only,0.21000000000000002,-0.14952846840486161
I2M,cv_first,uni:ehr_only,0.22,-0.15876664283038783
I2M,cv_first,uni:ehr_only,0.23,-0.16798606440040703
I2M,cv_first,uni:ehr_only,0.24000000000000002,-0.1771859928706228
I2M,cv_first,uni:ehr_only,0.25,-0.18636564851704296
I2M,cv_first,uni:ehr_only,0.26,-0.19552420946843263
I2M,cv_first,uni:ehr_only,0.27,-0.20466080881951643
I2M,cv_first,uni:ehr_only,0.28,-0.2137745315036152
I2M,cv_first,uni:ehr_only,0.29000000000000004,-0.22379963713222228
I2M,cv_first,uni:ehr_only,0.3,-0.2328780117624739
I2M,cv_first,uni:ehr_only,0.31,-0.2419308274149778
I2M,cv_first,uni:ehr_only,0.32,-0.2509569564877744
I2M,cv_first,uni:ehr_only,0.33,-0.2599552040593844
I2M,cv_first,uni:ehr_only,0.34,-0.2685822367097268
I2M,cv_first,uni:ehr_only,0.35000000000000003,-0.2785269179691491
I2M,cv_first,uni:ehr_only,0.36000000000000004,-0.2874335989375831
I2M,cv_first,uni:ehr_only,0.37,-0.2963068361474736
I2M,cv_first,uni:ehr_only,0.38,-0.3051450113524397
I2M,cv_first,uni:ehr_only,0.39,-0.31394640019158343
I2M,cv_first,uni:ehr_only,0.4,-0.3238158477202302
I2M,cv_first,uni:ehr_only,0.41000000000000003,-0.3325567785355752
I2M,cv_first,uni:ehr_only,0.42000000000000004,-0.34125566698722354
I2M,cv_first,uni:ehr_only,0.43,-0.349910300319191
I2M,cv_first,uni:ehr_only,0.44,-0.3597040409789413
I2M,cv_first,uni:ehr_only,0.45,-0.3682844380055535
I2M,cv_first,uni:ehr_only,0.46,-0.3768137327234273
I2M,cv_first,uni:ehr_only,0.47000000000000003,-0.3852890325490491
I2M,cv_first,uni:ehr_only,0.48000000000000004,-0.3937072223924814
I2M,cv_first,uni:ehr_only,0.49,-0.402064942843007
I2M,cv_first,uni:ehr_only,0.5,-0.41035856573705176
I2M,cv_first,early:plain,0.01,0.04044428347217192
I2M,cv_first,early:plain,0.02,0.032915955226712194
I2M,cv_first,early:plain,0.03,0.030099533138921976
I2M,cv_first,early:plain,0.04,0.02813745019920319
I2M,cv_first,early:plain,0.05,0.02558188299433843
I2M,cv_first,early:plain,0.060000000000000005,0.023508801672741657
I2M,cv_first,early:plain,0.06999999999999999,0.020134515700638306
I2M,cv_first,early:plain,0.08,0.017581846526935733
I2M,cv_first,early:plain,0.09,0.016833763845716037
I2M,cv_first,early:plain,0.09999999999999999,0.013870444149328611
I2M,cv_first,early:plain,0.11,0.011213572675589777
I2M,cv_first,early:plain,0.12,0.010835446094410237
I2M,cv_first,early:plain,0.13,0.008853474988933156
I2M,cv_first,early:plain,0.14,0.008307853855894252
I2M,cv_first,early:plain,0.15000000000000002,0.007421295211311612
I2M,cv_first,early:plain,0.16,0.007051160437614617
I2M,cv_first,early:plain,0.17,0.005400086401382422
I2M,cv_first,early:plain,0.18000000000000002,0.004810028179963073
I2M,cv_first,early:plain,0.19,0.003205285852474874
I2M,cv_first,early:plain,0.2,0.003154050464807436
I2M,cv_first,early:plain,0.21000000000000002,0.0003109923176492311
I2M,cv_first,early:plain,0.22,-0.00028944052848435195
I2M,cv_first,early:plain,0.23,-0.0018626791535158067
I2M,cv_first,early:plain,0.24000000000000002,-0.00206192772768575
I2M,cv_first,early:plain,0.25,-0.0024347056219566187
I2M,cv_first,early:plain,0.26,-0.0043070959405620765
I2M,cv_first,early:plain,0.27,-0.00568502246720879
I2M,cv_first,early:plain,0.28,-0.0051645270768776765
I2M,cv_first,early:plain,0.29000000000000004,-0.004264631614387521
I2M,cv_first,early:plain,0.3,-0.00436349838740277
I2M,cv_first,early:plain,0.31,-0.003531766653193987
I2M,cv_first,early:plain,0.32,-0.0035544098117334614
I2M,cv_first,early:plain,0.33,-0.003468712215813366
I2M,cv_first,early:plain,0.34,-0.003340174654915694
I2M,cv_first,early:plain,0.35000000000000003,-0.004494841148227606
I2M,cv_first,early:plain,0.36000000000000004,-0.004274568393094292
I2M,cv_first,early:plain,0.37,-0.005333164695714498
I2M,cv_first,early:plain,0.38,-0.006083194105299234
I2M,cv_first,early:plain,0.39,-0.00572573095595759
I2M,cv_first,early:plain,0.4,-0.006861443116423197
I2M,cv_first,early:plain,0.41000000000000003,-0.007551714047763747
I2M,cv_first,early:plain,0.42000000000000004,-0.007075147685121585
I2M,cv_first,early:plain,0.43,-0.00553342186808322
I2M,cv_first,early:plain,0.44,-0.004505786378296338
I2M,cv_first,early:plain,0.45,-0.003320053120849933
I2M,cv_first,early:plain,0.46,-0.003000344301805126
I2M,cv_first,early:plain,0.47000000000000003,-0.00205467438422411
I2M,cv_first,early:plain,0.48000000000000004,-0.002247420574113801
I2M,cv_first,early:plain,0.49,-0.0031117360622867993
I2M,cv_first,early:plain,0.5,-0.0033200531208499333
I2M,cv_first,early:blockstd,0.01,0.040873542865574736
I2M,cv_first,early:blockstd,0.02,0.03108653820093774
I2M,cv_first,early:blockstd,0.03,0.021898659656905024
I2M,cv_first,early:blockstd,0.04,0.017457945993802564
I2M,cv_first,early:blockstd,0.05,0.016600265604249664
I2M,cv_first,early:blockstd,0.060000000000000005,0.016995846401627532
I2M,cv_first,early:blockstd,0.06999999999999999,0.018156763626497596
I2M,cv_first,early:blockstd,0.08,0.01717766614700618
I2M,cv_first,early:blockstd,0.09,0.01688484158603681
I2M,cv_first,early:blockstd,0.09999999999999999,0.014091781024051942
I2M,cv_first,early:blockstd,0.11,0.010489875703179788
I2M,cv_first,early:blockstd,0.12,0.009507424846070266
I2M,cv_first,early:blockstd,0.13,0.009120605699806139
I2M,cv_first,early:blockstd,0.14,0.00917261187806912
I2M,cv_first,early:blockstd,0.15000000000000002,0.009061792047496285
I2M,cv_first,early:blockstd,0.16,0.006703345348763675
I2M,cv_first,early:blockstd,0.17,0.0062320997135954185
I2M,cv_first,early:blockstd,0.18000000000000002,0.005085349658277456
I2M,cv_first,early:blockstd,0.19,0.00222156640926008
I2M,cv_first,early:blockstd,0.2,0.0014940239043824705
I2M,cv_first,early:blockstd,0.21000000000000002,0.0005631482508783418
I2M,cv_first,early:blockstd,0.22,0.0001191813940817927
I2M,cv_first,early:blockstd,0.23,-0.0007588692847656977
I2M,cv_first,early:blockstd,0.24000000000000002,-0.0013280212483399731
I2M,cv_first,early:blockstd,0.25,-0.0015493581230633024
I2M,cv_first,early:blockstd,0.26,-0.0014536448799397014
I2M,cv_first,early:blockstd,0.27,-0.0008277392712256002
I2M,cv_first,early:blockstd,0.28,-0.00025822635384388417
I2M,cv_first,early:blockstd,0.29000000000000004,-0.0003553859678656268
I2M,cv_first,early:blockstd,0.3,-0.0010434452665528363
I2M,cv_first,early:blockstd,0.31,-0.00225186211675039
I2M,cv_first,early:blockstd,0.32,-0.0027732208421217095
I2M,cv_first,early:blockstd,0.33,-0.002279439456105925
I2M,cv_first,early:blockstd,0.34,-0.0017304519296551177
I2M,cv_first,early:blockstd,0.35000000000000003,-0.0014812544693022785
I2M,cv_first,early:blockstd,0.36000000000000004,-0.0004565073041168662
I2M,cv_first,early:blockstd,0.37,-0.0001159383629503152
I2M,cv_first,early:blockstd,0.38,-0.00014993788287709375
I2M,cv_first,early:blockstd,0.39,-0.0008490627653321141
I2M,cv_first,early:blockstd,0.4,-0.0008853474988933156
I2M,cv_first,early:blockstd,0.41000000000000003,-0.0009228622234226934
I2M,cv_first,early:blockstd,0.42000000000000004,-0.0009616705591427395
I2M,cv_first,early:blockstd,0.43,0.0
I2M,cv_first,early:blockstd,0.44,0.0
I2M,cv_first,early:blockstd,0.45,0.0
I2M,cv_first,early:blockstd,0.46,0.0
I2M,cv_first,early:blockstd,0.47000000000000003,0.0
I2M,cv_first,early:blockstd,0.48000000000000004,0.0
I2M,cv_first,early:blockstd,0.49,0.0
I2M,cv_first,early:blockstd,0.5,0.0
I2M,cv_first,inter:plain,0.01,0.03997478101063759
I2M,cv_first,inter:plain,0.02,0.03527387050437705
I2M,cv_first,inter:plain,0.03,0.02832655631768459
I2M,cv_first,inter:plain,0.04,0.026173085436033642
I2M,cv_first,inter:plain,0.05,0.022960788425246383
I2M,cv_first,inter:plain,0.060000000000000005,0.017221892571557738
I2M,cv_first,inter:plain,0.06999999999999999,0.015607819617587
I2M,cv_first,inter:plain,0.08,0.013482302673364512
I2M,cv_first,inter:plain,0.09,0.009062650496913446
I2M,cv_first,inter:plain,0.09999999999999999,0.006935222074664307
I2M,cv_first,inter:plain,0.11,0.005498604831609889
I2M,cv_first,inter:plain,0.12,0.00335023542194857
I2M,cv_first,inter:plain,0.13,0.0017249011616369755
I2M,cv_first,inter:plain,0.14,-0.00035516847339324767
I2M,cv_first,inter:plain,0.15000000000000002,-0.002343566908835252
I2M,cv_first,inter:plain,0.16,-0.004869411243913241
I2M,cv_first,inter:plain,0.17,-0.006592105473687583
I2M,cv_first,inter:plain,0.18000000000000002,-0.00814627668189033
I2M,cv_first,inter:plain,0.19,-0.009345334710540554
I2M,cv_first,inter:plain,0.2,-0.010292164674634799
I2M,cv_first,inter:plain,0.21000000000000002,-0.012011027619479892
I2M,cv_first,inter:plain,0.22,-0.013535601185003576
I2M,cv_first,inter:plain,0.23,-0.015030785947120609
I2M,cv_first,inter:plain,0.24000000000000002,-0.016285734255958625
I2M,cv_first,inter:plain,0.25,-0.018813634351482957
I2M,cv_first,inter:plain,0.26,-0.020925307777897424
I2M,cv_first,inter:plain,0.27,-0.021848678345976827
I2M,cv_first,inter:plain,0.28,-0.023867492990998974
I2M,cv_first,inter:plain,0.29000000000000004,-0.02572807362100893
I2M,cv_first,inter:plain,0.3,-0.02665528362739518
I2M,cv_first,inter:plain,0.31,-0.02843697673075813
I2M,cv_first,inter:plain,0.32,-0.030232013123974694
I2M,cv_first,inter:plain,0.33,-0.03270500089195458
I2M,cv_first,inter:plain,0.34,-0.03487061853595719
I2M,cv_first,inter:plain,0.35000000000000003,-0.037082439472877725
I2M,cv_first,inter:plain,0.36000000000000004,-0.038222111553784875
I2M,cv_first,inter:plain,0.37,-0.039703619384894286
I2M,cv_first,inter:plain,0.38,-0.0403547101914921
I2M,cv_first,inter:plain,0.39,-0.04219188818496506
I2M,cv_first,inter:plain,0.4,-0.04515272244355911
I2M,cv_first,inter:plain,0.41000000000000003,-0.04704346455983974
I2M,cv_first,inter:plain,0.42000000000000004,-0.04847277556440904
I2M,cv_first,inter:plain,0.43,-0.04837958109084131
I2M,cv_first,inter:plain,0.44,-0.048662492885600456
I2M,cv_first,inter:plain,0.45,-0.04992152601714356
I2M,cv_first,inter:plain,0.46,-0.05171904972701785
I2M,cv_first,inter:plain,0.47000000000000003,-0.053534290510912325
I2M,cv_first,inter:plain,0.48000000000000004,-0.05725814689958117
I2M,cv_first,inter:plain,0.49,-0.0591620446319298
I2M,cv_first,inter:plain,0.5,-0.061752988047808766
I2M,cv_first,late:mean,0.01,0.040880250043596654
I2M,cv_first,late:mean,0.02,0.03111364067539366
I2M,cv_first,late:mean,0.03,0.02117988526991689
I2M,cv_first,late:mean,0.04,0.01103917662682602
I2M,cv_first,late:mean,0.05,0.0008387502621094445
I2M,cv_first,late:mean,0.060000000000000005,-0.009592834336413225
I2M,cv_first,late:mean,0.06999999999999999,-0.020255893986776907
I2M,cv_first,late:mean,0.08,-0.031006409146024594
I2M,cv_first,late:mean,0.09,-0.04193482480335069
I2M,cv_first,late:mean,0.09999999999999999,-0.052973292017116716
I2M,cv_first,late:mean,0.11,-0.06344658817911873
I2M,cv_first,late:mean,0.12,-0.07476155982132075
I2M,cv_first,late:mean,0.13,-0.08576422280227748
I2M,cv_first,late:mean,0.14,-0.09807282497915316
I2M,cv_first,late:mean,0.15000000000000002,-0.10827279118818846
I2M,cv_first,late:mean,0.16,-0.12005944476064
I2M,cv_first,late:mean,0.17,-0.1316261060176963
I2M,cv_first,late:mean,0.18000000000000002,-0.14260033038577402
I2M,cv_first,late:mean,0.19,-0.15392749987703508
I2M,cv_first,late:mean,0.2,-0.16500664010624172
I2M,cv_first,late:mean,0.21000000000000002,-0.1767949299847026
I2M,cv_first,late:mean,0.22,-0.18908979466748393
I2M,cv_first,late:mean,0.23,-0.20163501836808606
I2M,cv_first,late:mean,0.24000000000000002,-0.21133011812399527
I2M,cv_first,late:mean,0.25,-0.22133687472332886
I2M,cv_first,late:mean,0.26,-0.2305552564516708
I2M,cv_first,late:mean,0.27,-0.24009896487110916
I2M,cv_first,late:mean,0.28,-0.24926221041758895
I2M,cv_first,late:mean,0.29000000000000004,-0.2607130164786862
I2M,cv_first,late:mean,0.3,-0.27167520394612027
I2M,cv_first,late:mean,0.31,-0.28027984679638934
I2M,cv_first,late:mean,0.32,-0.2911881884227795
I2M,cv_first,late:mean,0.33,-0.3014905551921667
I2M,cv_first,late:mean,0.34,-0.31134049659946084
I2M,cv_first,late:mean,0.35000000000000003,-0.31933803248544285
I2M,cv_first,late:mean,0.36000000000000004,-0.32710823373173975
I2M,cv_first,late:mean,0.37,-0.3338603258921984
I2M,cv_first,late:mean,0.38,-0.34355052906652955
I2M,cv_first,late:mean,0.39,-0.3514902140073586
I2M,cv_first,late:mean,0.4,-0.3603364320495795
I2M,cv_first,late:mean,0.41000000000000003,-0.36557723906633355
I2M,cv_first,late:mean,0.42000000000000004,-0.3681824426432203
I2M,cv_first,late:mean,0.43,-0.3721138836466997
I2M,cv_first,late:mean,0.44,-0.3765414532346803
I2M,cv_first,late:mean,0.45,-0.38319449474827955
I2M,cv_first,late:mean,0.46,-0.3821012247307068
I2M,cv_first,late:mean,0.47000000000000003,-0.383084016136711
I2M,cv_first,late:mean,0.48000000000000004,-0.38216365307998773
I2M,cv_first,late:mean,0.49,-0.38877171054344706
I2M,cv_first,late:mean,0.5,-0.3884462151394422
I2M,cv_first,late:wsrc,0.01,0.040873542865574736
I2M,cv_first,late:wsrc,0.02,0.031127191912621616
I2M,cv_first,late:wsrc,0.03,0.021200421680973695
I2M,cv_first,late:wsrc,0.04,0.011122177954847268
I2M,cv_first,late:wsrc,0.05,0.0008736981896973403
I2M,cv_first,late:wsrc,0.060000000000000005,-0.009338532395241739
I2M,cv_first,late:wsrc,0.06999999999999999,-0.019756101043853252
I2M,cv_first,late:wsrc,0.08,-0.02985160806051157
I2M,cv_first,late:wsrc,0.09,-0.04003035477139062
I2M,cv_first,late:wsrc,0.09999999999999999,-0.05024347056219565
I2M,cv_first,late:wsrc,0.11,-0.06140979154542876
I2M,cv_first,late:wsrc,0.12,-0.07192442351804901
I2M,cv_first,late:wsrc,0.13,-0.08163514524278366
I2M,cv_first,late:wsrc,0.14,-0.09095401340374935
I2M,cv_first,late:wsrc,0.15000000000000002,-0.10026560424966803
I2M,cv_first,late:wsrc,0.16,-0.10984632896983497
I2M,cv_first,late:wsrc,0.17,-0.11950591209459353
I2M,cv_first,late:wsrc,0.18000000000000002,-0.12956304861853402
I2M,cv_first,late:wsrc,0.19,-0.13917170822881314
I2M,cv_first,late:wsrc,0.2,-0.14990039840637448
I2M,cv_first,late:wsrc,0.21000000000000002,-0.16082505421352566
I2M,cv_first,late:wsrc,0.22,-0.1705656008444853
I2M,cv_first,late:wsrc,0.23,-0.18067987789103324
I2M,cv_first,late:wsrc,0.24000000000000002,-0.189976934367792
I2M,cv_first,late:wsrc,0.25,-0.19876051350154933
I2M,cv_first,late:wsrc,0.26,-0.20765586303434908
I2M,cv_first,late:wsrc,0.27,-0.21743164328985431
I2M,cv_first,late:wsrc,0.28,-0.2269440755496533
I2M,cv_first,late:wsrc,0.29000000000000004,-0.2350691132184876
I2M,cv_first,late:wsrc,0.3,-0.24340732308859797
I2M,cv_first,late:wsrc,0.31,-0.2530361645206613
I2M,cv_first,late:wsrc,0.32,-0.26193266151081945
I2M,cv_first,late:wsrc,0.33,-0.2717389149868189
I2M,cv_first,late:wsrc,0.34,-0.27779789931184357
I2M,cv_first,late:wsrc,0.35000000000000003,-0.28710797834303814
I2M,cv_first,late:wsrc,0.36000000000000004,-0.2963977423638779
I2M,cv_first,late:wsrc,0.37,-0.30488627500579696
I2M,cv_first,late:wsrc,0.38,-0.31287752216938697
I2M,cv_first,late:wsrc,0.39,-0.3220124964622385
I2M,cv_first,late:wsrc,0.4,-0.3311199645861001
I2M,cv_first,late:wsrc,0.41000000000000003,-0.34112139014563214
I2M,cv_first,late:wsrc,0.42000000000000004,-0.35020836195448096
I2M,cv_first,late:wsrc,0.43,-0.3564222641597352
I2M,cv_first,late:wsrc,0.44,-0.361126920887877
I2M,cv_first,late:wsrc,0.45,-0.36816370880115895
I2M,cv_first,late:wsrc,0.46,-0.3767153607791058
I2M,cv_first,late:wsrc,0.47000000000000003,-0.3852138615349921
I2M,cv_first,late:wsrc,0.48000000000000004,-0.39432015527633063
I2M,cv_first,late:wsrc,0.49,-0.39823711689190944
I2M,cv_first,late:wsrc,0.5,-0.40039840637450197
I2M,cv_first,treat_all,0.01,0.040873542865574736
I2M,cv_first,treat_none,0.01,0.0
I2M,cv_first,treat_all,0.02,0.03108653820093774
I2M,cv_first,treat_none,0.02,0.0
I2M,cv_first,treat_all,0.03,0.021097739625689674
I2M,cv_first,treat_none,0.03,0.0
I2M,cv_first,treat_all,0.04,0.010900841080123937
I2M,cv_first,treat_none,0.04,0.0
I2M,cv_first,treat_all,0.05,0.000489270986230507
I2M,cv_first,treat_none,0.05,0.0
I2M,cv_first,treat_all,0.060000000000000005,-0.01014382187561811
I2M,cv_first,treat_none,0.060000000000000005,0.0
I2M,cv_first,treat_all,0.06999999999999999,-0.021005583401162375
I2M,cv_first,treat_none,0.06999999999999999,0.0
I2M,cv_first,treat_all,0.08,-0.03210347017726198
I2M,cv_first,treat_none,0.08,0.0
I2M,cv_first,treat_all,0.09,-0.04344526655283627
I2M,cv_first,treat_none,0.09,0.0
I2M,cv_first,treat_all,0.09999999999999999,-0.055039102847867796
I2M,cv_first,treat_none,0.09999999999999999,0.0
I2M,cv_first,treat_all,0.11,-0.06689347478997867
I2M,cv_first,treat_none,0.11,0.0
I2M,cv_first,treat_all,0.12,-0.07901726427622842
I2M,cv_first,treat_none,0.12,0.0
I2M,cv_first,treat_all,0.13,-0.09141976156675981
I2M,cv_first,treat_none,0.13,0.0
I2M,cv_first,treat_all,0.14,-0.10411068902683841
I2M,cv_first,treat_none,0.14,0.0
I2M,cv_first,treat_all,0.15000000000000002,-0.11710022654480125
I2M,cv_first,treat_none,0.15000000000000002,0.0
I2M,cv_first,treat_all,0.16,-0.13039903876557268
I2M,cv_first,treat_none,0.16,0.0
I2M,cv_first,treat_all,0.17,-0.14401830429286872
I2M,cv_first,treat_none,0.17,0.0
I2M,cv_first,treat_all,0.18000000000000002,-0.1579697470281476
I2M,cv_first,treat_none,0.18000000000000002,0.0
I2M,cv_first,treat_all,0.19,-0.1722656698309642
I2M,cv_first,treat_none,0.19,0.0
I2M,cv_first,treat_all,0.2,-0.18691899070385126
I2M,cv_first,treat_none,0.2,0.0
I2M,cv_first,treat_all,0.21000000000000002,-0.20194328172541903
I2M,cv_first,treat_none,0.21000000000000002,0.0
I2M,cv_first,treat_all,0.22,-0.217352810978309
I2M,cv_first,treat_none,0.22,0.0
I2M,cv_first,treat_all,0.23,-0.23316258774426102
I2M,cv_first,treat_none,0.23,0.0
I2M,cv_first,treat_all,0.24000000000000002,-0.2493884112672119
I2M,cv_first,treat_none,0.24000000000000002,0.0
I2M,cv_first,treat_all,0.25,-0.26604692341744135
I2M,cv_first,treat_none,0.25,0.0
I2M,cv_first,treat_all,0.26,-0.28315566562578515
I2M,cv_first,treat_none,0.26,0.0
I2M,cv_first,treat_all,0.27,-0.30073314049737127
I2M,cv_first,treat_none,0.27,0.0
I2M,cv_first,treat_all,0.28,-0.3187988785598348
I2M,cv_first,treat_none,0.28,0.0
I2M,cv_first,treat_all,0.29000000000000004,-0.33737351065222687
I2M,cv_first,treat_none,0.29000000000000004,0.0
I2M,cv_first,treat_all,0.3,-0.3564788465186872
I2M,cv_first,treat_none,0.3,0.0
I2M,cv_first,treat_all,0.31,-0.3761379602363493
I2M,cv_first,treat_none,0.31,0.0
I2M,cv_first,treat_all,0.32,-0.3963752831810015
I2M,cv_first,treat_none,0.32,0.0
I2M,cv_first,treat_all,0.33,-0.41721670531803146
I2M,cv_first,treat_none,0.33,0.0
I2M,cv_first,treat_all,0.34,-0.438689685701638
I2M,cv_first,treat_none,0.34,0.0
I2M,cv_first,treat_all,0.35000000000000003,-0.4608233731739709
I2M,cv_first,treat_none,0.35000000000000003,0.0
I2M,cv_first,treat_all,0.36000000000000004,-0.4836487383798142
I2M,cv_first,treat_none,0.36000000000000004,0.0
I2M,cv_first,treat_all,0.37,-0.5071987183540969
I2M,cv_first,treat_none,0.37,0.0
I2M,cv_first,treat_all,0.38,-0.5315083751017436
I2M,cv_first,treat_none,0.38,0.0
I2M,cv_first,treat_all,0.39,-0.5566150697755428
I2M,cv_first,treat_none,0.39,0.0
I2M,cv_first,treat_all,0.4,-0.5825586542718019
I2M,cv_first,treat_none,0.4,0.0
I2M,cv_first,treat_all,0.41000000000000003,-0.6093816823103069
I2M,cv_first,treat_none,0.41000000000000003,0.0
I2M,cv_first,treat_all,0.42000000000000004,-0.6371296423501398
I2M,cv_first,treat_none,0.42000000000000004,0.0
I2M,cv_first,treat_all,0.43,-0.6658512150229491
I2M,cv_first,treat_none,0.43,0.0
I2M,cv_first,treat_all,0.44,-0.695598558148359
I2M,cv_first,treat_none,0.44,0.0
I2M,cv_first,treat_all,0.45,-0.7264276228419655
I2M,cv_first,treat_none,0.45,0.0
I2M,cv_first,treat_all,0.46,-0.7583985047464464
I2M,cv_first,treat_none,0.46,0.0
I2M,cv_first,treat_all,0.47000000000000003,-0.7915758350246812
I2M,cv_first,treat_none,0.47000000000000003,0.0
I2M,cv_first,treat_all,0.48000000000000004,-0.8260292164674636
I2M,cv_first,treat_none,0.48000000000000004,0.0
I2M,cv_first,treat_all,0.49,-0.861833710908002
I2M,cv_first,treat_none,0.49,0.0
I2M,cv_first,treat_all,0.5,-0.8990703851261621
I2M,cv_first,treat_none,0.5,0.0
M2I,death_30d,uni:ehr_only,0.01,0.06529537802265074
M2I,death_30d,uni:ehr_only,0.02,0.056060606060606054
M2I,death_30d,uni:ehr_only,0.03,0.04684161199625117
M2I,death_30d,uni:ehr_only,0.04,0.03763888888888888
M2I,death_30d,uni:ehr_only,0.05,0.02845295055821371
M2I,death_30d,uni:ehr_only,0.060000000000000005,0.018981302385557702
M2I,death_30d,uni:ehr_only,0.06999999999999999,0.009807754969045304
M2I,death_30d,uni:ehr_only,0.08,0.0006719367588932934
M2I,death_30d,uni:ehr_only,0.09,-0.008777888777888765
M2I,death_30d,uni:ehr_only,0.09999999999999999,-0.018215488215488213
M2I,death_30d,uni:ehr_only,0.11,-0.027299965951651337
M2I,death_30d,uni:ehr_only,0.12,-0.03636363636363635
M2I,death_30d,uni:ehr_only,0.13,-0.045405781957506094
M2I,death_30d,uni:ehr_only,0.14,-0.05477801268498944
M2I,death_30d,uni:ehr_only,0.15000000000000002,-0.06408199643493764
M2I,death_30d,uni:ehr_only,0.16,-0.0734776334776335
M2I,death_30d,uni:ehr_only,0.17,-0.08243884629426801
M2I,death_30d,uni:ehr_only,0.18000000000000002,-0.09130820399113085
M2I,death_30d,uni:ehr_only,0.19,-0.10028432472876916
M2I,death_30d,uni:ehr_only,0.2,-0.10954545454545456
M2I,death_30d,uni:ehr_only,0.21000000000000002,-0.11832374376678176
M2I,death_30d,uni:ehr_only,0.22,-0.1276223776223776
M2I,death_30d,uni:ehr_only,0.23,-0.13682014954742228
M2I,death_30d,uni:ehr_only,0.24000000000000002,-0.14550239234449763
M2I,death_30d,uni:ehr_only,0.25,-0.15434343434343434
M2I,death_30d,uni:ehr_only,0.26,-0.16346437346437348
M2I,death_30d,uni:ehr_only,0.27,-0.1733914487339145
M2I,death_30d,uni:ehr_only,0.28,-0.18205387205387208
M2I,death_30d,uni:ehr_only,0.29000000000000004,-0.1909816474605207
M2I,death_30d,uni:ehr_only,0.3,-0.2005627705627706
M2I,death_30d,uni:ehr_only,0.31,-0.20956521739130435
M2I,death_30d,uni:ehr_only,0.32,-0.21809269162210343
M2I,death_30d,uni:ehr_only,0.33,-0.22702849389416557
M2I,death_30d,uni:ehr_only,0.34,-0.23547291092745642
M2I,death_30d,uni:ehr_only,0.35000000000000003,-0.2441724941724942
M2I,death_30d,uni:ehr_only,0.36000000000000004,-0.25251893939393943
M2I,death_30d,uni:ehr_only,0.37,-0.26147186147186147
M2I,death_30d,uni:ehr_only,0.38,-0.26972629521016617
M2I,death_30d,uni:ehr_only,0.39,-0.2789170392449082
M2I,death_30d,uni:ehr_only,0.4,-0.2885858585858586
M2I,death_30d,uni:ehr_only,0.41000000000000003,-0.29649203903441196
M2I,death_30d,uni:ehr_only,0.42000000000000004,-0.3050574712643679
M2I,death_30d,uni:ehr_only,0.43,-0.31433280170122274
M2I,death_30d,uni:ehr_only,0.44,-0.32281385281385283
M2I,death_30d,uni:ehr_only,0.45,-0.33179063360881544
M2I,death_30d,uni:ehr_only,0.46,-0.34185185185185185
M2I,death_30d,uni:ehr_only,0.47000000000000003,-0.3493596340766152
M2I,death_30d,uni:ehr_only,0.48000000000000004,-0.3570396270396271
M2I,death_30d,uni:ehr_only,0.49,-0.3667023172905525
M2I,death_30d,uni:ehr_only,0.5,-0.37545454545454543
M2I,death_30d,early:plain,0.01,0.06426997245179063
M2I,death_30d,early:plain,0.02,0.057915893630179335
M2I,death_30d,early:plain,0.03,0.050384254920337386
M2I,death_30d,early:plain,0.04,0.04376262626262627
M2I,death_30d,early:plain,0.05,0.03966507177033493
M2I,death_30d,early:plain,0.060000000000000005,0.03452611218568665
M2I,death_30d,early:plain,0.06999999999999999,0.03150211795373087
M2I,death_30d,early:plain,0.08,0.029565217391304344
M2I,death_30d,early:plain,0.09,0.027559107559107558
M2I,death_30d,early:plain,0.09999999999999999,0.02508417508417508
M2I,death_30d,early:plain,0.11,0.022516172965611165
M2I,death_30d,early:plain,0.12,0.02052341597796143
M2I,death_30d,early:plain,0.13,0.01855451062347614
M2I,death_30d,early:plain,0.14,0.015792811839323462
M2I,death_30d,early:plain,0.15000000000000002,0.01274509803921568
M2I,death_30d,early:plain,0.16,0.010678210678210676
M2I,death_30d,early:plain,0.17,0.01005841548010222
M2I,death_30d,early:plain,0.18000000000000002,0.009009608277900961
M2I,death_30d,early:plain,0.19,0.007328843995510665
M2I,death_30d,early:plain,0.2,0.0062121212121212105
M2I,death_30d,early:plain,0.21000000000000002,0.005450709627924818
M2I,death_30d,early:plain,0.22,0.0026184926184926183
M2I,death_30d,early:plain,0.23,0.0016528925619834697
M2I,death_30d,early:plain,0.24000000000000002,0.0003827751196172277
M2I,death_30d,early:plain,0.25,-0.0011111111111111113
M2I,death_30d,early:plain,0.26,-0.0020802620802620846
M2I,death_30d,early:plain,0.27,-0.002918223329182238
M2I,death_30d,early:plain,0.28,-0.004343434343434344
M2I,death_30d,early:plain,0.29000000000000004,-0.0064361929150661586
M2I,death_30d,early:plain,0.3,-0.006839826839826847
M2I,death_30d,early:plain,0.31,-0.008568291611769873
M2I,death_30d,early:plain,0.32,-0.00975044563279857
M2I,death_30d,early:plain,0.33,-0.011017639077340574
M2I,death_30d,early:plain,0.34,-0.012176308539944905
M2I,death_30d,early:plain,0.35000000000000003,-0.012960372960372963
M2I,death_30d,early:plain,0.36000000000000004,-0.014488636363636374
M2I,death_30d,early:plain,0.37,-0.015863395863395864
M2I,death_30d,early:plain,0.38,-0.016363636363636365
M2I,death_30d,early:plain,0.39,-0.018291107799304523
M2I,death_30d,early:plain,0.4,-0.018989898989898994
M2I,death_30d,early:plain,0.41000000000000003,-0.018895737031330254
M2I,death_30d,early:plain,0.42000000000000004,-0.01987460815047022
M2I,death_30d,early:plain,0.43,-0.019824561403508766
M2I,death_30d,early:plain,0.44,-0.02051948051948052
M2I,death_30d,early:plain,0.45,-0.021322314049586774
M2I,death_30d,early:plain,0.46,-0.022502805836139173
M2I,death_30d,early:plain,0.47000000000000003,-0.022138364779874214
M2I,death_30d,early:plain,0.48000000000000004,-0.02424242424242424
M2I,death_30d,early:plain,0.49,-0.0245632798573975
M2I,death_30d,early:plain,0.5,-0.026060606060606062
M2I,death_30d,early:blockstd,0.01,0.06521579430670339
M2I,death_30d,early:blockstd,0.02,0.056734693877551014
M2I,death_30d,early:blockstd,0.03,0.04941268353639488
M2I,death_30d,early:blockstd,0.04,0.043333333333333335
M2I,death_30d,early:blockstd,0.05,0.03784688995215311
M2I,death_30d,early:blockstd,0.060000000000000005,0.034919406834300455
M2I,death_30d,early:blockstd,0.06999999999999999,0.03243401759530792
M2I,death_30d,early:blockstd,0.08,0.029156785243741767
M2I,death_30d,early:blockstd,0.09,0.026063936063936068
M2I,death_30d,early:blockstd,0.09999999999999999,0.023501683501683503
M2I,death_30d,early:blockstd,0.11,0.01903643173306095
M2I,death_30d,early:blockstd,0.12,0.01767217630853995
M2I,death_30d,early:blockstd,0.13,0.016206896551724137
M2I,death_30d,early:blockstd,0.14,0.015130373502466522
M2I,death_30d,early:blockstd,0.15000000000000002,0.013868092691622091
M2I,death_30d,early:blockstd,0.16,0.012135642135642135
M2I,death_30d,early:blockstd,0.17,0.011942314713399047
M2I,death_30d,early:blockstd,0.18000000000000002,0.009364375461936435
M2I,death_30d,early:blockstd,0.19,0.006760194537972317
M2I,death_30d,early:blockstd,0.2,0.005075757575757574
M2I,death_30d,early:blockstd,0.21000000000000002,0.0032029152282316807
M2I,death_30d,early:blockstd,0.22,0.003908313908313907
M2I,death_30d,early:blockstd,0.23,0.003238882329791422
M2I,death_30d,early:blockstd,0.24000000000000002,0.002296650717703349
M2I,death_30d,early:blockstd,0.25,0.000303030303030305
M2I,death_30d,early:blockstd,0.26,-0.00046683046683046805
M2I,death_30d,early:blockstd,0.27,-2.0755500207556704e-05
M2I,death_30d,early:blockstd,0.28,-0.001026936026936029
M2I,death_30d,early:blockstd,0.29000000000000004,-0.001310285958173285
M2I,death_30d,early:blockstd,0.3,-0.0013419913419913422
M2I,death_30d,early:blockstd,0.31,-0.0026262626262626293
M2I,death_30d,early:blockstd,0.32,-0.002263814616755795
M2I,death_30d,early:blockstd,0.33,-0.002966983265490733
M2I,death_30d,early:blockstd,0.34,-0.0028191000918273666
M2I,death_30d,early:blockstd,0.35000000000000003,-0.0034965034965034995
M2I,death_30d,early:blockstd,0.36000000000000004,-0.002803030303030307
M2I,death_30d,early:blockstd,0.37,-0.0032611832611832616
M2I,death_30d,early:blockstd,0.38,-0.0028934506353861175
M2I,death_30d,early:blockstd,0.39,-0.0036860407352210644
M2I,death_30d,early:blockstd,0.4,-0.004040404040404041
M2I,death_30d,early:blockstd,0.41000000000000003,-0.004350282485875707
M2I,death_30d,early:blockstd,0.42000000000000004,-0.004284221525600838
M2I,death_30d,early:blockstd,0.43,-0.004524189261031365
M2I,death_30d,early:blockstd,0.44,-0.0046753246753246745
M2I,death_30d,early:blockstd,0.45,-0.004573002754820936
M2I,death_30d,early:blockstd,0.46,-0.004444444444444445
M2I,death_30d,early:blockstd,0.47000000000000003,-0.0040537449971412235
M2I,death_30d,early:blockstd,0.48000000000000004,-0.004149184149184149
M2I,death_30d,early:blockstd,0.49,-0.00451574569221628
M2I,death_30d,early:blockstd,0.5,-0.0036363636363636364
M2I,death_30d,inter:plain,0.01,0.04293847566574839
M2I,death_30d,inter:plain,0.02,0.0377612863327149
M2I,death_30d,inter:plain,0.03,0.03336457357075914
M2I,death_30d,inter:plain,0.04,0.02970959595959596
M2I,death_30d,inter:plain,0.05,0.027368421052631584
M2I,death_30d,inter:plain,0.060000000000000005,0.024597034171502257
M2I,death_30d,inter:plain,0.06999999999999999,0.022867383512544803
M2I,death_30d,inter:plain,0.08,0.020513833992094863
M2I,death_30d,inter:plain,0.09,0.018404928404928404
M2I,death_30d,inter:plain,0.09999999999999999,0.01595959595959596
M2I,death_30d,inter:plain,0.11,0.014252638747020766
M2I,death_30d,inter:plain,0.12,0.011776859504132237
M2I,death_30d,inter:plain,0.13,0.009836293974225009
M2I,death_30d,inter:plain,0.14,0.008097251585623674
M2I,death_30d,inter:plain,0.15000000000000002,0.005971479500891261
M2I,death_30d,inter:plain,0.16,0.0039105339105339094
M2I,death_30d,inter:plain,0.17,0.0021613727637824
M2I,death_30d,inter:plain,0.18000000000000002,0.00034737620103473393
M2I,death_30d,inter:plain,0.19,-0.001227085671530119
M2I,death_30d,inter:plain,0.2,-0.0031060606060606052
M2I,death_30d,inter:plain,0.21000000000000002,-0.004925201380897588
M2I,death_30d,inter:plain,0.22,-0.007039627039627041
M2I,death_30d,inter:plain,0.23,-0.009236521054702872
M2I,death_30d,inter:plain,0.24000000000000002,-0.010829346092503987
M2I,death_30d,inter:plain,0.25,-0.01323232323232323
M2I,death_30d,inter:plain,0.26,-0.015462735462735466
M2I,death_30d,inter:plain,0.27,-0.01709007887090079
M2I,death_30d,inter:plain,0.28,-0.018602693602693607
M2I,death_30d,inter:plain,0.29000000000000004,-0.02010670081092617
M2I,death_30d,inter:plain,0.3,-0.02203463203463204
M2I,death_30d,inter:plain,0.31,-0.02423803249890207
M2I,death_30d,inter:plain,0.32,-0.025739750445632804
M2I,death_30d,inter:plain,0.33,-0.02767978290366351
M2I,death_30d,inter:plain,0.34,-0.030413223140495875
M2I,death_30d,inter:plain,0.35000000000000003,-0.03242424242424244
M2I,death_30d,inter:plain,0.36000000000000004,-0.03464015151515153
M2I,death_30d,inter:plain,0.37,-0.03786916786916787
M2I,death_30d,inter:plain,0.38,-0.040391006842619745
M2I,death_30d,inter:plain,0.39,-0.04348236462990561
M2I,death_30d,inter:plain,0.4,-0.04565656565656567
M2I,death_30d,inter:plain,0.41000000000000003,-0.048171545968156135
M2I,death_30d,inter:plain,0.42000000000000004,-0.051494252873563226
M2I,death_30d,inter:plain,0.43,-0.05400850611376927
M2I,death_30d,inter:plain,0.44,-0.05625541125541125
M2I,death_30d,inter:plain,0.45,-0.057548209366391184
M2I,death_30d,inter:plain,0.46,-0.06034792368125702
M2I,death_30d,inter:plain,0.47000000000000003,-0.06269296740994855
M2I,death_30d,inter:plain,0.48000000000000004,-0.06592074592074593
M2I,death_30d,inter:plain,0.49,-0.06927510398098632
M2I,death_30d,inter:plain,0.5,-0.07272727272727272
M2I,death_30d,late:mean,0.01,0.06520048974594428
M2I,death_30d,late:mean,0.02,0.055683364254792825
M2I,death_30d,late:mean,0.03,0.046007497656982185
M2I,death_30d,late:mean,0.04,0.03624999999999999
M2I,death_30d,late:mean,0.05,0.026315789473684202
M2I,death_30d,late:mean,0.060000000000000005,0.016189555125725327
M2I,death_30d,late:mean,0.06999999999999999,0.006142065819485176
M2I,death_30d,late:mean,0.08,-0.004189723320158101
M2I,death_30d,late:mean,0.09,-0.014585414585414597
M2I,death_30d,late:mean,0.09999999999999999,-0.025117845117845122
M2I,death_30d,late:mean,0.11,-0.03575417092271026
M2I,death_30d,late:mean,0.12,-0.04623966942148759
M2I,death_30d,late:mean,0.13,-0.056903517938000706
M2I,death_30d,late:mean,0.14,-0.06723044397463003
M2I,death_30d,late:mean,0.15000000000000002,-0.07759358288770056
M2I,death_30d,late:mean,0.16,-0.08782106782106784
M2I,death_30d,late:mean,0.17,-0.09768893756845566
M2I,death_30d,late:mean,0.18000000000000002,-0.10801921655580193
M2I,death_30d,late:mean,0.19,-0.11760568649457537
M2I,death_30d,late:mean,0.2,-0.1281060606060606
M2I,death_30d,late:mean,0.21000000000000002,-0.13823551975450712
M2I,death_30d,late:mean,0.22,-0.14802641802641803
M2I,death_30d,late:mean,0.23,-0.15732782369146006
M2I,death_30d,late:mean,0.24000000000000002,-0.16778309409888362
M2I,death_30d,late:mean,0.25,-0.1763636363636363
M2I,death_30d,late:mean,0.26,-0.18700245700245702
M2I,death_30d,late:mean,0.27,-0.19681195516811958
M2I,death_30d,late:mean,0.28,-0.20708754208754213
M2I,death_30d,late:mean,0.29000000000000004,-0.2157319675629535
M2I,death_30d,late:mean,0.3,-0.2261038961038961
M2I,death_30d,late:mean,0.31,-0.23427755819060173
M2I,death_30d,late:mean,0.32,-0.24344028520499114
M2I,death_30d,late:mean,0.33,-0.25236092265943016
M2I,death_30d,late:mean,0.34,-0.2595959595959596
M2I,death_30d,late:mean,0.35000000000000003,-0.2678787878787879
M2I,death_30d,late:mean,0.36000000000000004,-0.27501893939393945
M2I,death_30d,late:mean,0.37,-0.2827705627705628
M2I,death_30d,late:mean,0.38,-0.28958944281524923
M2I,death_30d,late:mean,0.39,-0.2979980129160457
M2I,death_30d,late:mean,0.4,-0.30303030303030304
M2I,death_30d,late:mean,0.41000000000000003,-0.3089008731381613
M2I,death_30d,late:mean,0.42000000000000004,-0.31536050156739814
M2I,death_30d,late:mean,0.43,-0.3212068048910154
M2I,death_30d,late:mean,0.44,-0.3279437229437229
M2I,death_30d,late:mean,0.45,-0.3329752066115702
M2I,death_30d,late:mean,0.46,-0.33631874298540965
M2I,death_30d,late:mean,0.47000000000000003,-0.3408519153802173
M2I,death_30d,late:mean,0.48000000000000004,-0.3441724941724942
M2I,death_30d,late:mean,0.49,-0.34790255496137845
M2I,death_30d,late:mean,0.5,-0.353030303030303
M2I,death_30d,late:wsrc,0.01,0.0652035506580961
M2I,death_30d,late:wsrc,0.02,0.05568954854669139
M2I,death_30d,late:wsrc,0.03,0.046026241799437664
M2I,death_30d,late:wsrc,0.04,0.03626262626262625
M2I,death_30d,late:wsrc,0.05,0.02637958532695374
M2I,death_30d,late:wsrc,0.060000000000000005,0.01638297872340424
M2I,death_30d,late:wsrc,0.06999999999999999,0.006415770609318999
M2I,death_30d,late:wsrc,0.08,-0.0036890645586297732
M2I,death_30d,late:wsrc,0.09,-0.014135864135864137
M2I,death_30d,late:wsrc,0.09999999999999999,-0.024511784511784512
M2I,death_30d,late:wsrc,0.11,-0.034630575417092274
M2I,death_30d,late:wsrc,0.12,-0.04487603305785123
M2I,death_30d,late:wsrc,0.13,-0.054820619993033795
M2I,death_30d,late:wsrc,0.14,-0.06501057082452434
M2I,death_30d,late:wsrc,0.15000000000000002,-0.07502673796791447
M2I,death_30d,late:wsrc,0.16,-0.08505050505050508
M2I,death_30d,late:wsrc,0.17,-0.0947097480832421
M2I,death_30d,late:wsrc,0.18000000000000002,-0.10462675535846269
M2I,death_30d,late:wsrc,0.19,-0.11447811447811446
M2I,death_30d,late:wsrc,0.2,-0.12401515151515152
M2I,death_30d,late:wsrc,0.21000000000000002,-0.13451093210586884
M2I,death_30d,late:wsrc,0.22,-0.14379953379953378
M2I,death_30d,late:wsrc,0.23,-0.15219992129083038
M2I,death_30d,late:wsrc,0.24000000000000002,-0.16090909090909092
M2I,death_30d,late:wsrc,0.25,-0.17020202020202022
M2I,death_30d,late:wsrc,0.26,-0.18017199017199018
M2I,death_30d,late:wsrc,0.27,-0.18889995848899957
M2I,death_30d,late:wsrc,0.28,-0.19718855218855222
M2I,death_30d,late:wsrc,0.29000000000000004,-0.20631241997439184
M2I,death_30d,late:wsrc,0.3,-0.21424242424242423
M2I,death_30d,late:wsrc,0.31,-0.22361440491875278
M2I,death_30d,late:wsrc,0.32,-0.23178253119429593
M2I,death_30d,late:wsrc,0.33,-0.2396788783355948
M2I,death_30d,late:wsrc,0.34,-0.24755739210284666
M2I,death_30d,late:wsrc,0.35000000000000003,-0.2580186480186481
M2I,death_30d,late:wsrc,0.36000000000000004,-0.2682575757575758
M2I,death_30d,late:wsrc,0.37,-0.2735882635882636
M2I,death_30d,late:wsrc,0.38,-0.28376344086021504
M2I,death_30d,late:wsrc,0.39,-0.29227024341778446
M2I,death_30d,late:wsrc,0.4,-0.3015151515151515
M2I,death_30d,late:wsrc,0.41000000000000003,-0.3098613251155624
M2I,death_30d,late:wsrc,0.42000000000000004,-0.31887147335423205
M2I,death_30d,late:wsrc,0.43,-0.32532163742690057
M2I,death_30d,late:wsrc,0.44,-0.33205627705627705
M2I,death_30d,late:wsrc,0.45,-0.3389256198347107
M2I,death_30d,late:wsrc,0.46,-0.34475869809203147
M2I,death_30d,late:wsrc,0.47000000000000003,-0.3515037164093768
M2I,death_30d,late:wsrc,0.48000000000000004,-0.3571794871794872
M2I,death_30d,late:wsrc,0.49,-0.3639869281045751
M2I,death_30d,late:wsrc,0.5,-0.3745454545454545
M2I,death_30d,treat_all,0.01,0.06519742883379247
M2I,death_30d,treat_none,0.01,0.0
M2I,death_30d,treat_all,0.02,0.05565862708719851
M2I,death_30d,treat_none,0.02,0.0
M2I,death_30d,treat_all,0.03,0.045923149015932516
M2I,death_30d,treat_none,0.03,0.0
M2I,death_30d,treat_all,0.04,0.035984848484848474
M2I,death_30d,treat_none,0.04,0.0
M2I,death_30d,treat_all,0.05,0.025837320574162673
M2I,death_30d,treat_none,0.05,0.0
M2I,death_30d,treat_all,0.060000000000000005,0.015473887814313338
M2I,death_30d,treat_none,0.060000000000000005,0.0
M2I,death_30d,treat_all,0.06999999999999999,0.004887585532746833
M2I,death_30d,treat_none,0.06999999999999999,0.0
M2I,death_30d,treat_all,0.08,-0.005928853754940705
M2I,death_30d,treat_none,0.08,0.0
M2I,death_30d,treat_all,0.09,-0.016983016983016977
M2I,death_30d,treat_none,0.09,0.0
M2I,death_30d,treat_all,0.09999999999999999,-0.028282828282828285
M2I,death_30d,treat_none,0.09999999999999999,0.0
M2I,death_30d,treat_all,0.11,-0.03983656792645557
M2I,death_30d,treat_none,0.11,0.0
M2I,death_30d,treat_all,0.12,-0.05165289256198345
M2I,death_30d,treat_none,0.12,0.0
M2I,death_30d,treat_all,0.13,-0.06374085684430512
M2I,death_30d,treat_none,0.13,0.0
M2I,death_30d,treat_all,0.14,-0.07610993657505287
M2I,death_30d,treat_none,0.14,0.0
M2I,death_30d,treat_all,0.15000000000000002,-0.08877005347593588
M2I,death_30d,treat_none,0.15000000000000002,0.0
M2I,death_30d,treat_all,0.16,-0.10173160173160174
M2I,death_30d,treat_none,0.16,0.0
M2I,death_30d,treat_all,0.17,-0.1150054764512596
M2I,death_30d,treat_none,0.17,0.0
M2I,death_30d,treat_all,0.18000000000000002,-0.1286031042128603
M2I,death_30d,treat_none,0.18000000000000002,0.0
M2I,death_30d,treat_all,0.19,-0.14253647586980916
M2I,death_30d,treat_none,0.19,0.0
M2I,death_30d,treat_all,0.2,-0.1568181818181818
M2I,death_30d,treat_none,0.2,0.0
M2I,death_30d,treat_all,0.21000000000000002,-0.1714614499424626
M2I,death_30d,treat_none,0.21000000000000002,0.0
M2I,death_30d,treat_all,0.22,-0.1864801864801865
M2I,death_30d,treat_none,0.22,0.0
M2I,death_30d,treat_all,0.23,-0.20188902007083825
M2I,death_30d,treat_none,0.23,0.0
M2I,death_30d,treat_all,0.24000000000000002,-0.21770334928229668
M2I,death_30d,treat_none,0.24000000000000002,0.0
M2I,death_30d,treat_all,0.25,-0.23393939393939395
M2I,death_30d,treat_none,0.25,0.0
M2I,death_30d,treat_all,0.26,-0.25061425061425063
M2I,death_30d,treat_none,0.26,0.0
M2I,death_30d,treat_all,0.27,-0.26774595267745954
M2I,death_30d,treat_none,0.27,0.0
M2I,death_30d,treat_all,0.28,-0.2853535353535354
M2I,death_30d,treat_none,0.28,0.0
M2I,death_30d,treat_all,0.29000000000000004,-0.30345710627400774
M2I,death_30d,treat_none,0.29000000000000004,0.0
M2I,death_30d,treat_all,0.3,-0.32207792207792213
M2I,death_30d,treat_none,0.3,0.0
M2I,death_30d,treat_all,0.31,-0.34123847167325433
M2I,death_30d,treat_none,0.31,0.0
M2I,death_30d,treat_all,0.32,-0.36096256684491984
M2I,death_30d,treat_none,0.32,0.0
M2I,death_30d,treat_all,0.33,-0.3812754409769336
M2I,death_30d,treat_none,0.33,0.0
M2I,death_30d,treat_all,0.34,-0.40220385674931136
M2I,death_30d,treat_none,0.34,0.0
M2I,death_30d,treat_all,0.35000000000000003,-0.42377622377622387
M2I,death_30d,treat_none,0.35000000000000003,0.0
M2I,death_30d,treat_all,0.36000000000000004,-0.44602272727272735
M2I,death_30d,treat_none,0.36000000000000004,0.0
M2I,death_30d,treat_all,0.37,-0.468975468975469
M2I,death_30d,treat_none,0.37,0.0
M2I,death_30d,treat_all,0.38,-0.4926686217008798
M2I,death_30d,treat_none,0.38,0.0
M2I,death_30d,treat_all,0.39,-0.5171385991058122
M2I,death_30d,treat_none,0.39,0.0
M2I,death_30d,treat_all,0.4,-0.5424242424242425
M2I,death_30d,treat_none,0.4,0.0
M2I,death_30d,treat_all,0.41000000000000003,-0.5685670261941448
M2I,death_30d,treat_none,0.41000000000000003,0.0
M2I,death_30d,treat_all,0.42000000000000004,-0.5956112852664577
M2I,death_30d,treat_none,0.42000000000000004,0.0
M2I,death_30d,treat_all,0.43,-0.6236044657097287
M2I,death_30d,treat_none,0.43,0.0
M2I,death_30d,treat_all,0.44,-0.6525974025974025
M2I,death_30d,treat_none,0.44,0.0
M2I,death_30d,treat_all,0.45,-0.6826446280991735
M2I,death_30d,treat_none,0.45,0.0
M2I,death_30d,treat_all,0.46,-0.7138047138047138
M2I,death_30d,treat_none,0.46,0.0
M2I,death_30d,treat_all,0.47000000000000003,-0.7461406518010291
M2I,death_30d,treat_none,0.47000000000000003,0.0
M2I,death_30d,treat_all,0.48000000000000004,-0.7797202797202797
M2I,death_30d,treat_none,0.48000000000000004,0.0
M2I,death_30d,treat_all,0.49,-0.8146167557932262
M2I,death_30d,treat_none,0.49,0.0
M2I,death_30d,treat_all,0.5,-0.8509090909090908
M2I,death_30d,treat_none,0.5,0.0
M2I,composite_30d,uni:ehr_only,0.01,0.14457300275482093
M2I,composite_30d,uni:ehr_only,0.02,0.13614718614718613
M2I,composite_30d,uni:ehr_only,0.03,0.12775382692908466
M2I,composite_30d,uni:ehr_only,0.04,0.11939393939393939
M2I,composite_30d,uni:ehr_only,0.05,0.11074960127591707
M2I,composite_30d,uni:ehr_only,0.060000000000000005,0.10215344938749193
M2I,composite_30d,uni:ehr_only,0.06999999999999999,0.09289670902574129
M2I,composite_30d,uni:ehr_only,0.08,0.08433465085639
M2I,composite_30d,uni:ehr_only,0.09,0.07547119547119548
M2I,composite_30d,uni:ehr_only,0.09999999999999999,0.0662962962962963
M2I,composite_30d,uni:ehr_only,0.11,0.05782090568607422
M2I,composite_30d,uni:ehr_only,0.12,0.0490358126721763
M2I,composite_30d,uni:ehr_only,0.13,0.040626959247648906
M2I,composite_30d,uni:ehr_only,0.14,0.032607470049330525
M2I,composite_30d,uni:ehr_only,0.15000000000000002,0.024688057040998204
M2I,composite_30d,uni:ehr_only,0.16,0.016349206349206336
M2I,composite_30d,uni:ehr_only,0.17,0.007009857612267245
M2I,composite_30d,uni:ehr_only,0.18000000000000002,-0.0015077605321507925
M2I,composite_30d,uni:ehr_only,0.19,-0.010123456790123442
M2I,composite_30d,uni:ehr_only,0.2,-0.019015151515151513
M2I,composite_30d,uni:ehr_only,0.21000000000000002,-0.026647487533563496
M2I,composite_30d,uni:ehr_only,0.22,-0.03477078477078477
M2I,composite_30d,uni:ehr_only,0.23,-0.04315623770169222
M2I,composite_30d,uni:ehr_only,0.24000000000000002,-0.05060606060606063
M2I,composite_30d,uni:ehr_only,0.25,-0.058585858585858575
M2I,composite_30d,uni:ehr_only,0.26,-0.06764127764127767
M2I,composite_30d,uni:ehr_only,0.27,-0.0754254877542549
M2I,composite_30d,uni:ehr_only,0.28,-0.0835690235690236
M2I,composite_30d,uni:ehr_only,0.29000000000000004,-0.09110968843363215
M2I,composite_30d,uni:ehr_only,0.3,-0.09969696969696976
M2I,composite_30d,uni:ehr_only,0.31,-0.1076767676767677
M2I,composite_30d,uni:ehr_only,0.32,-0.11470588235294121
M2I,composite_30d,uni:ehr_only,0.33,-0.1225508819538671
M2I,composite_30d,uni:ehr_only,0.34,-0.13262626262626265
M2I,composite_30d,uni:ehr_only,0.35000000000000003,-0.14207459207459214
M2I,composite_30d,uni:ehr_only,0.36000000000000004,-0.15024621212121217
M2I,composite_30d,uni:ehr_only,0.37,-0.15853775853775856
M2I,composite_30d,uni:ehr_only,0.38,-0.1665982404692082
M2I,composite_30d,uni:ehr_only,0.39,-0.1731048186785892
M2I,composite_30d,uni:ehr_only,0.4,-0.18202020202020208
M2I,composite_30d,uni:ehr_only,0.41000000000000003,-0.1912018489984592
M2I,composite_30d,uni:ehr_only,0.42000000000000004,-0.20004179728317667
M2I,composite_30d,uni:ehr_only,0.43,-0.20694311536416798
M2I,composite_30d,uni:ehr_only,0.44,-0.21458874458874458
M2I,composite_30d,uni:ehr_only,0.45,-0.22490358126721763
M2I,composite_30d,uni:ehr_only,0.46,-0.23242424242424242
M2I,composite_30d,uni:ehr_only,0.47000000000000003,-0.24072612921669528
M2I,composite_30d,uni:ehr_only,0.48000000000000004,-0.24864801864801866
M2I,composite_30d,uni:ehr_only,0.49,-0.2555912061794415
M2I,composite_30d,uni:ehr_only,0.5,-0.26272727272727275
M2I,composite_30d,early:plain,0.01,0.14350780532598714
M2I,composite_30d,early:plain,0.02,0.13275200989486705
M2I,composite_30d,early:plain,0.03,0.12280537332083724
M2I,composite_30d,early:plain,0.04,0.11319444444444446
M2I,composite_30d,early:plain,0.05,0.10604465709728866
M2I,composite_30d,early:plain,0.060000000000000005,0.1008381689232753
M2I,composite_30d,early:plain,0.06999999999999999,0.09385793418051483
M2I,composite_30d,early:plain,0.08,0.08715415019762845
M2I,composite_30d,early:plain,0.09,0.083003663003663
M2I,composite_30d,early:plain,0.09999999999999999,0.07831649831649831
M2I,composite_30d,early:plain,0.11,0.07392917943479743
M2I,composite_30d,early:plain,0.12,0.06910468319559229
M2I,composite_30d,early:plain,0.13,0.06300940438871472
M2I,composite_30d,early:plain,0.14,0.05848484848484848
M2I,composite_30d,early:plain,0.15000000000000002,0.05452762923351157
M2I,composite_30d,early:plain,0.16,0.05067821067821068
M2I,composite_30d,early:plain,0.17,0.04929901423877327
M2I,composite_30d,early:plain,0.18000000000000002,0.04608277900960828
M2I,composite_30d,early:plain,0.19,0.04228208005985784
M2I,composite_30d,early:plain,0.2,0.04045454545454546
M2I,composite_30d,early:plain,0.21000000000000002,0.036858457997698504
M2I,composite_30d,early:plain,0.22,0.032929292929292926
M2I,composite_30d,early:plain,0.23,0.029881936245572602
M2I,composite_30d,early:plain,0.24000000000000002,0.027559808612440187
M2I,composite_30d,early:plain,0.25,0.023434343434343433
M2I,composite_30d,early:plain,0.26,0.020057330057330056
M2I,composite_30d,early:plain,0.27,0.016347031963470315
M2I,composite_30d,early:plain,0.28,0.015757575757575755
M2I,composite_30d,early:plain,0.29000000000000004,0.012646180110968838
M2I,composite_30d,early:plain,0.3,0.011428571428571427
M2I,composite_30d,early:plain,0.31,0.008405797101449272
M2I,composite_30d,early:plain,0.32,0.007522281639928692
M2I,composite_30d,early:plain,0.33,0.006286748077792843
M2I,composite_30d,early:plain,0.34,0.005215794306703388
M2I,composite_30d,early:plain,0.35000000000000003,0.002424242424242419
M2I,composite_30d,early:plain,0.36000000000000004,0.0007007575757575629
M2I,composite_30d,early:plain,0.37,-0.001837421837421832
M2I,composite_30d,early:plain,0.38,-0.0029227761485825995
M2I,composite_30d,early:plain,0.39,-0.005991058122205663
M2I,composite_30d,early:plain,0.4,-0.009191919191919196
M2I,composite_30d,early:plain,0.41000000000000003,-0.012799178222907034
M2I,composite_30d,early:plain,0.42000000000000004,-0.013364681295715788
M2I,composite_30d,early:plain,0.43,-0.013125996810207326
M2I,composite_30d,early:plain,0.44,-0.0169047619047619
M2I,composite_30d,early:plain,0.45,-0.01922865013774104
M2I,composite_30d,early:plain,0.46,-0.02162738496071829
M2I,composite_30d,early:plain,0.47000000000000003,-0.02312750142938822
M2I,composite_30d,early:plain,0.48000000000000004,-0.025594405594405602
M2I,composite_30d,early:plain,0.49,-0.02602495543672014
M2I,composite_30d,early:plain,0.5,-0.028181818181818183
M2I,composite_30d,early:blockstd,0.01,0.14447505356596263
M2I,composite_30d,early:blockstd,0.02,0.13583178726035866
M2I,composite_30d,early:blockstd,0.03,0.12742268041237115
M2I,composite_30d,early:blockstd,0.04,0.12001262626262627
M2I,composite_30d,early:blockstd,0.05,0.1117224880382775
M2I,composite_30d,early:blockstd,0.060000000000000005,0.10571889103803997
M2I,composite_30d,early:blockstd,0.06999999999999999,0.09861518409905506
M2I,composite_30d,early:blockstd,0.08,0.09288537549407114
M2I,composite_30d,early:blockstd,0.09,0.0880785880785881
M2I,composite_30d,early:blockstd,0.09999999999999999,0.08336700336700338
M2I,composite_30d,early:blockstd,0.11,0.07896493020088527
M2I,composite_30d,early:blockstd,0.12,0.07223140495867769
M2I,composite_30d,early:blockstd,0.13,0.06710902124695228
M2I,composite_30d,early:blockstd,0.14,0.06309372797744892
M2I,composite_30d,early:blockstd,0.15000000000000002,0.05976827094474152
M2I,composite_30d,early:blockstd,0.16,0.05539682539682539
M2I,composite_30d,early:blockstd,0.17,0.050850675428988676
M2I,composite_30d,early:blockstd,0.18000000000000002,0.04803399852180339
M2I,composite_30d,early:blockstd,0.19,0.04369248035914702
M2I,composite_30d,early:blockstd,0.2,0.038863636363636364
M2I,composite_30d,early:blockstd,0.21000000000000002,0.03682393555811277
M2I,composite_30d,early:blockstd,0.22,0.03490287490287491
M2I,composite_30d,early:blockstd,0.23,0.031141282959464778
M2I,composite_30d,early:blockstd,0.24000000000000002,0.028373205741626786
M2I,composite_30d,early:blockstd,0.25,0.02616161616161617
M2I,composite_30d,early:blockstd,0.26,0.023071253071253073
M2I,composite_30d,early:blockstd,0.27,0.019207139892071394
M2I,composite_30d,early:blockstd,0.28,0.018215488215488213
M2I,composite_30d,early:blockstd,0.29000000000000004,0.015219803670507896
M2I,composite_30d,early:blockstd,0.3,0.013549783549783548
M2I,composite_30d,early:blockstd,0.31,0.010008783487044356
M2I,composite_30d,early:blockstd,0.32,0.00900178253119429
M2I,composite_30d,early:blockstd,0.33,0.006386250565355044
M2I,composite_30d,early:blockstd,0.34,0.005601469237832869
M2I,composite_30d,early:blockstd,0.35000000000000003,0.00456876456876457
M2I,composite_30d,early:blockstd,0.36000000000000004,0.003958333333333328
M2I,composite_30d,early:blockstd,0.37,0.003323713323713326
M2I,composite_30d,early:blockstd,0.38,0.0006451612903225802
M2I,composite_30d,early:blockstd,0.39,-0.0013065076999503253
M2I,composite_30d,early:blockstd,0.4,-0.001818181818181823
M2I,composite_30d,early:blockstd,0.41000000000000003,-0.002095531587057012
M2I,composite_30d,early:blockstd,0.42000000000000004,-0.003866248693834902
M2I,composite_30d,early:blockstd,0.43,-0.003083466241360973
M2I,composite_30d,early:blockstd,0.44,-0.00463203463203463
M2I,composite_30d,early:blockstd,0.45,-0.003856749311294764
M2I,composite_30d,early:blockstd,0.46,-0.004332210998877668
M2I,composite_30d,early:blockstd,0.47000000000000003,-0.004265294453973702
M2I,composite_30d,early:blockstd,0.48000000000000004,-0.003962703962703963
M2I,composite_30d,early:blockstd,0.49,-0.003879976232917408
M2I,composite_30d,early:blockstd,0.5,-0.003333333333333334
M2I,composite_30d,inter:plain,0.01,0.10610651974288338
M2I,composite_30d,inter:plain,0.02,0.09721706864564007
M2I,composite_30d,inter:plain,0.03,0.09191190253045924
M2I,composite_30d,inter:plain,0.04,0.08678030303030303
M2I,composite_30d,inter:plain,0.05,0.08108452950558213
M2I,composite_30d,inter:plain,0.060000000000000005,0.07635074145712444
M2I,composite_30d,inter:plain,0.06999999999999999,0.07226783968719452
M2I,composite_30d,inter:plain,0.08,0.06820816864295126
M2I,composite_30d,inter:plain,0.09,0.06498168498168498
M2I,composite_30d,inter:plain,0.09999999999999999,0.062053872053872056
M2I,composite_30d,inter:plain,0.11,0.0580762683009874
M2I,composite_30d,inter:plain,0.12,0.054655647382920114
M2I,composite_30d,inter:plain,0.13,0.05171368861024033
M2I,composite_30d,inter:plain,0.14,0.049097956307258626
M2I,composite_30d,inter:plain,0.15000000000000002,0.045650623885918
M2I,composite_30d,inter:plain,0.16,0.04157287157287156
M2I,composite_30d,inter:plain,0.17,0.038243884629426794
M2I,composite_30d,inter:plain,0.18000000000000002,0.03515151515151515
M2I,composite_30d,inter:plain,0.19,0.0319603441825664
M2I,composite_30d,inter:plain,0.2,0.02848484848484848
M2I,composite_30d,inter:plain,0.21000000000000002,0.024706559263521284
M2I,composite_30d,inter:plain,0.22,0.019611499611499605
M2I,composite_30d,inter:plain,0.23,0.01560802833530106
M2I,composite_30d,inter:plain,0.24000000000000002,0.012759170653907484
M2I,composite_30d,inter:plain,0.25,0.008686868686868687
M2I,composite_30d,inter:plain,0.26,0.005389025389025387
M2I,composite_30d,inter:plain,0.27,0.0016521378165213624
M2I,composite_30d,inter:plain,0.28,-0.0028956228956229096
M2I,composite_30d,inter:plain,0.29000000000000004,-0.006359368331199336
M2I,composite_30d,inter:plain,0.3,-0.009826839826839837
M2I,composite_30d,inter:plain,0.31,-0.01400966183574881
M2I,composite_30d,inter:plain,0.32,-0.01777183600713013
M2I,composite_30d,inter:plain,0.33,-0.02173677069199459
M2I,composite_30d,inter:plain,0.34,-0.025629017447199295
M2I,composite_30d,inter:plain,0.35000000000000003,-0.02846153846153847
M2I,composite_30d,inter:plain,0.36000000000000004,-0.033390151515151525
M2I,composite_30d,inter:plain,0.37,-0.03686868686868687
M2I,composite_30d,inter:plain,0.38,-0.040293255131964814
M2I,composite_30d,inter:plain,0.39,-0.043760556383507204
M2I,composite_30d,inter:plain,0.4,-0.04818181818181819
M2I,composite_30d,inter:plain,0.41000000000000003,-0.05382126348228043
M2I,composite_30d,inter:plain,0.42000000000000004,-0.05911180773249741
M2I,composite_30d,inter:plain,0.43,-0.06395534290271129
M2I,composite_30d,inter:plain,0.44,-0.06865800865800867
M2I,composite_30d,inter:plain,0.45,-0.07382920110192837
M2I,composite_30d,inter:plain,0.46,-0.07895622895622897
M2I,composite_30d,inter:plain,0.47000000000000003,-0.08364779874213837
M2I,composite_30d,inter:plain,0.48000000000000004,-0.0893939393939394
M2I,composite_30d,inter:plain,0.49,-0.09288175876411169
M2I,composite_30d,inter:plain,0.5,-0.0990909090909091
M2I,composite_30d,late:mean,0.01,0.14447505356596263
M2I,composite_30d,late:mean,0.02,0.1357699443413729
M2I,composite_30d,late:mean,0.03,0.12691971258981566
M2I,composite_30d,late:mean,0.04,0.11797979797979796
M2I,composite_30d,late:mean,0.05,0.10885167464114831
M2I,composite_30d,late:mean,0.060000000000000005,0.0995680206318504
M2I,composite_30d,late:mean,0.06999999999999999,0.08995764092538287
M2I,composite_30d,late:mean,0.08,0.08050065876152834
M2I,composite_30d,late:mean,0.09,0.07054612054612056
M2I,composite_30d,late:mean,0.09999999999999999,0.06097643097643099
M2I,composite_30d,late:mean,0.11,0.051413006469186256
M2I,composite_30d,late:mean,0.12,0.04213498622589533
M2I,composite_30d,late:mean,0.13,0.032295367467781264
M2I,composite_30d,late:mean,0.14,0.022776603241719512
M2I,composite_30d,late:mean,0.15000000000000002,0.013689839572192497
M2I,composite_30d,late:mean,0.16,0.004574314574314564
M2I,composite_30d,late:mean,0.17,-0.004527199707922591
M2I,composite_30d,late:mean,0.18000000000000002,-0.014316334072431658
M2I,composite_30d,late:mean,0.19,-0.023718668163112577
M2I,composite_30d,late:mean,0.2,-0.03310606060606061
M2I,composite_30d,late:mean,0.21000000000000002,-0.04259685462217111
M2I,composite_30d,late:mean,0.22,-0.05303030303030304
M2I,composite_30d,late:mean,0.23,-0.06301456119637938
M2I,composite_30d,late:mean,0.24000000000000002,-0.07285486443381181
M2I,composite_30d,late:mean,0.25,-0.0821212121212121
M2I,composite_30d,late:mean,0.26,-0.09015561015561016
M2I,composite_30d,late:mean,0.27,-0.09860938148609383
M2I,composite_30d,late:mean,0.28,-0.10695286195286202
M2I,composite_30d,late:mean,0.29000000000000004,-0.11464788732394371
M2I,composite_30d,late:mean,0.3,-0.12463203463203468
M2I,composite_30d,late:mean,0.31,-0.13287220026350463
M2I,composite_30d,late:mean,0.32,-0.13887700534759365
M2I,composite_30d,late:mean,0.33,-0.1465355042966984
M2I,composite_30d,late:mean,0.34,-0.155840220385675
M2I,composite_30d,late:mean,0.35000000000000003,-0.1647785547785548
M2I,composite_30d,late:mean,0.36000000000000004,-0.17221590909090911
M2I,composite_30d,late:mean,0.37,-0.17844636844636846
M2I,composite_30d,late:mean,0.38,-0.18617790811339202
M2I,composite_30d,late:mean,0.39,-0.19240437158469945
M2I,composite_30d,late:mean,0.4,-0.1982828282828283
M2I,composite_30d,late:mean,0.41000000000000003,-0.20179250128402673
M2I,composite_30d,late:mean,0.42000000000000004,-0.20910135841170327
M2I,composite_30d,late:mean,0.43,-0.21595427963849012
M2I,composite_30d,late:mean,0.44,-0.2222727272727273
M2I,composite_30d,late:mean,0.45,-0.22382920110192833
M2I,composite_30d,late:mean,0.46,-0.22947250280583614
M2I,composite_30d,late:mean,0.47000000000000003,-0.23379645511720984
M2I,composite_30d,late:mean,0.48000000000000004,-0.23657342657342664
M2I,composite_30d,late:mean,0.49,-0.23919191919191912
M2I,composite_30d,late:mean,0.5,-0.24575757575757579
M2I,composite_30d,late:wsrc,0.01,0.14447505356596263
M2I,composite_30d,late:wsrc,0.02,0.13578849721706862
M2I,composite_30d,late:wsrc,0.03,0.12695720087472664
M2I,composite_30d,late:wsrc,0.04,0.11803030303030301
M2I,composite_30d,late:wsrc,0.05,0.10899521531100477
M2I,composite_30d,late:wsrc,0.060000000000000005,0.09951644100580272
M2I,composite_30d,late:wsrc,0.06999999999999999,0.09025415444770285
M2I,composite_30d,late:wsrc,0.08,0.08069828722002637
M2I,composite_30d,late:wsrc,0.09,0.07153513153513155
M2I,composite_30d,late:wsrc,0.09999999999999999,0.06255892255892256
M2I,composite_30d,late:wsrc,0.11,0.0536976506639428
M2I,composite_30d,late:wsrc,0.12,0.04435261707988983
M2I,composite_30d,late:wsrc,0.13,0.03507140369209334
M2I,composite_30d,late:wsrc,0.14,0.02647639182522904
M2I,composite_30d,late:wsrc,0.15000000000000002,0.01759358288770052
M2I,composite_30d,late:wsrc,0.16,0.00901875901875901
M2I,composite_30d,late:wsrc,0.17,0.00025921869295361666
M2I,composite_30d,late:wsrc,0.18000000000000002,-0.009268292682926865
M2I,composite_30d,late:wsrc,0.19,-0.018372615039281698
M2I,composite_30d,late:wsrc,0.2,-0.026742424242424234
M2I,composite_30d,late:wsrc,0.21000000000000002,-0.035189873417721534
M2I,composite_30d,late:wsrc,0.22,-0.04470862470862472
M2I,composite_30d,late:wsrc,0.23,-0.05327430145611961
M2I,composite_30d,late:wsrc,0.24000000000000002,-0.06205741626794259
M2I,composite_30d,late:wsrc,0.25,-0.07070707070707069
M2I,composite_30d,late:wsrc,0.26,-0.07912366912366914
M2I,composite_30d,late:wsrc,0.27,-0.08711083437110836
M2I,composite_30d,late:wsrc,0.28,-0.095959595959596
M2I,composite_30d,late:wsrc,0.29000000000000004,-0.10484421681604786
M2I,composite_30d,late:wsrc,0.3,-0.11341991341991345
M2I,composite_30d,late:wsrc,0.31,-0.12176987263943786
M2I,composite_30d,late:wsrc,0.32,-0.12893048128342247
M2I,composite_30d,late:wsrc,0.33,-0.136096788783356
M2I,composite_30d,late:wsrc,0.34,-0.14427915518824616
M2I,composite_30d,late:wsrc,0.35000000000000003,-0.15137529137529143
M2I,composite_30d,late:wsrc,0.36000000000000004,-0.1602462121212122
M2I,composite_30d,late:wsrc,0.37,-0.16771524771524776
M2I,composite_30d,late:wsrc,0.38,-0.175405669599218
M2I,composite_30d,late:wsrc,0.39,-0.18385494287133633
M2I,composite_30d,late:wsrc,0.4,-0.18989898989898993
M2I,composite_30d,late:wsrc,0.41000000000000003,-0.19737031330251673
M2I,composite_30d,late:wsrc,0.42000000000000004,-0.20207941483803557
M2I,composite_30d,late:wsrc,0.43,-0.20772993088782563
M2I,composite_30d,late:wsrc,0.44,-0.2173160173160173
M2I,composite_30d,late:wsrc,0.45,-0.22482093663911845
M2I,composite_30d,late:wsrc,0.46,-0.23240179573512906
M2I,composite_30d,late:wsrc,0.47000000000000003,-0.23937106918238996
M2I,composite_30d,late:wsrc,0.48000000000000004,-0.2455011655011655
M2I,composite_30d,late:wsrc,0.49,-0.2510457516339869
M2I,composite_30d,late:wsrc,0.5,-0.2584848484848485
M2I,composite_30d,treat_all,0.01,0.14447505356596263
M2I,composite_30d,treat_none,0.01,0.0
M2I,composite_30d,treat_all,0.02,0.13574520717377858
M2I,composite_30d,treat_none,0.02,0.0
M2I,composite_30d,treat_all,0.03,0.126835363948766
M2I,composite_30d,treat_none,0.03,0.0
M2I,composite_30d,treat_all,0.04,0.11773989898989898
M2I,composite_30d,treat_none,0.04,0.0
M2I,composite_30d,treat_all,0.05,0.1084529505582137
M2I,composite_30d,treat_none,0.05,0.0
M2I,composite_30d,treat_all,0.060000000000000005,0.09896840747904576
M2I,composite_30d,treat_none,0.060000000000000005,0.0
M2I,composite_30d,treat_all,0.06999999999999999,0.08927989573150863
M2I,composite_30d,treat_none,0.06999999999999999,0.0
M2I,composite_30d,treat_all,0.08,0.07938076416337285
M2I,composite_30d,treat_none,0.08,0.0
M2I,composite_30d,treat_all,0.09,0.06926406926406926
M2I,composite_30d,treat_none,0.09,0.0
M2I,composite_30d,treat_all,0.09999999999999999,0.05892255892255892
M2I,composite_30d,treat_none,0.09999999999999999,0.0
M2I,composite_30d,treat_all,0.11,0.04834865509022812
M2I,composite_30d,treat_none,0.11,0.0
M2I,composite_30d,treat_all,0.12,0.037534435261707993
M2I,composite_30d,treat_none,0.12,0.0
M2I,composite_30d,treat_all,0.13,0.026471612678509227
M2I,composite_30d,treat_none,0.13,0.0
M2I,composite_30d,treat_all,0.14,0.015151515151515138
M2I,composite_30d,treat_none,0.14,0.0
M2I,composite_30d,treat_all,0.15000000000000002,0.00356506238859175
M2I,composite_30d,treat_none,0.15000000000000002,0.0
M2I,composite_30d,treat_all,0.16,-0.00829725829725833
M2I,composite_30d,treat_none,0.16,0.0
M2I,composite_30d,treat_all,0.17,-0.02044541803577951
M2I,composite_30d,treat_none,0.17,0.0
M2I,composite_30d,treat_all,0.18000000000000002,-0.03288987435328902
M2I,composite_30d,treat_none,0.18000000000000002,0.0
M2I,composite_30d,treat_all,0.19,-0.04564160119715674
M2I,composite_30d,treat_none,0.19,0.0
M2I,composite_30d,treat_all,0.2,-0.058712121212121215
M2I,composite_30d,treat_none,0.2,0.0
M2I,composite_30d,treat_all,0.21000000000000002,-0.07211354046797089
M2I,composite_30d,treat_none,0.21000000000000002,0.0
M2I,composite_30d,treat_all,0.22,-0.08585858585858586
M2I,composite_30d,treat_none,0.22,0.0
M2I,composite_30d,treat_all,0.23,-0.09996064541519084
M2I,composite_30d,treat_none,0.23,0.0
M2I,composite_30d,treat_all,0.24000000000000002,-0.11443381180223289
M2I,composite_30d,treat_none,0.24000000000000002,0.0
M2I,composite_30d,treat_all,0.25,-0.1292929292929293
M2I,composite_30d,treat_none,0.25,0.0
M2I,composite_30d,treat_all,0.26,-0.14455364455364456
M2I,composite_30d,treat_none,0.26,0.0
M2I,composite_30d,treat_all,0.27,-0.16023246160232463
M2I,composite_30d,treat_none,0.27,0.0
M2I,composite_30d,treat_all,0.28,-0.17634680134680142
M2I,composite_30d,treat_none,0.28,0.0
M2I,composite_30d,treat_all,0.29000000000000004,-0.19291506615450282
M2I,composite_30d,treat_none,0.29000000000000004,0.0
M2I,composite_30d,treat_all,0.3,-0.20995670995670995
M2I,composite_30d,treat_none,0.3,0.0
M2I,composite_30d,treat_all,0.31,-0.22749231444883622
M2I,composite_30d,treat_none,0.31,0.0
M2I,composite_30d,treat_all,0.32,-0.2455436720142603
M2I,composite_30d,treat_none,0.32,0.0
M2I,composite_30d,treat_all,0.33,-0.26413387607417466
M2I,composite_30d,treat_none,0.33,0.0
M2I,composite_30d,treat_all,0.34,-0.2832874196510561
M2I,composite_30d,treat_none,0.34,0.0
M2I,composite_30d,treat_all,0.35000000000000003,-0.3030303030303031
M2I,composite_30d,treat_none,0.35000000000000003,0.0
M2I,composite_30d,treat_all,0.36000000000000004,-0.3233901515151516
M2I,composite_30d,treat_none,0.36000000000000004,0.0
M2I,composite_30d,treat_all,0.37,-0.3443963443963444
M2I,composite_30d,treat_none,0.37,0.0
M2I,composite_30d,treat_all,0.38,-0.366080156402737
M2I,composite_30d,treat_none,0.38,0.0
M2I,composite_30d,treat_all,0.39,-0.38847491306507703
M2I,composite_30d,treat_none,0.39,0.0
M2I,composite_30d,treat_all,0.4,-0.4116161616161617
M2I,composite_30d,treat_none,0.4,0.0
M2I,composite_30d,treat_all,0.41000000000000003,-0.43554185927067285
M2I,composite_30d,treat_none,0.41000000000000003,0.0
M2I,composite_30d,treat_all,0.42000000000000004,-0.4602925809822362
M2I,composite_30d,treat_none,0.42000000000000004,0.0
M2I,composite_30d,treat_all,0.43,-0.4859117490696437
M2I,composite_30d,treat_none,0.43,0.0
M2I,composite_30d,treat_all,0.44,-0.5124458874458875
M2I,composite_30d,treat_none,0.44,0.0
M2I,composite_30d,treat_all,0.45,-0.5399449035812671
M2I,composite_30d,treat_none,0.45,0.0
M2I,composite_30d,treat_all,0.46,-0.5684624017957352
M2I,composite_30d,treat_none,0.46,0.0
M2I,composite_30d,treat_all,0.47000000000000003,-0.5980560320182962
M2I,composite_30d,treat_none,0.47000000000000003,0.0
M2I,composite_30d,treat_all,0.48000000000000004,-0.6287878787878789
M2I,composite_30d,treat_none,0.48000000000000004,0.0
M2I,composite_30d,treat_all,0.49,-0.6607248960190135
M2I,composite_30d,treat_none,0.49,0.0
M2I,composite_30d,treat_all,0.5,-0.6939393939393939
M2I,composite_30d,treat_none,0.5,0.0
M2I,cv_first,uni:ehr_only,0.01,0.08370110446010544
M2I,cv_first,uni:ehr_only,0.02,0.07432463741253881
M2I,cv_first,uni:ehr_only,0.03,0.06496216364432823
M2I,cv_first,uni:ehr_only,0.04,0.055951994810249754
M2I,cv_first,uni:ehr_only,0.05,0.04696382539221879
M2I,cv_first,uni:ehr_only,0.060000000000000005,0.037977653708394
M2I,cv_first,uni:ehr_only,0.06999999999999999,0.02903190929097829
M2I,cv_first,uni:ehr_only,0.08,0.020110282192669485
M2I,cv_first,uni:ehr_only,0.09,0.011213567489921708
M2I,cv_first,uni:ehr_only,0.09999999999999999,0.0019821962734710152
M2I,cv_first,uni:ehr_only,0.11,-0.007230663260285666
M2I,cv_first,uni:ehr_only,0.12,-0.016100020641052107
M2I,cv_first,uni:ehr_only,0.13,-0.024901107668676217
M2I,cv_first,uni:ehr_only,0.14,-0.03442735481145669
M2I,cv_first,uni:ehr_only,0.15000000000000002,-0.04317795882543744
M2I,cv_first,uni:ehr_only,0.16,-0.05228364456389109
M2I,cv_first,uni:ehr_only,0.17,-0.06097565741395686
M2I,cv_first,uni:ehr_only,0.18000000000000002,-0.0701011843073345
M2I,cv_first,uni:ehr_only,0.19,-0.07913568233602832
M2I,cv_first,uni:ehr_only,0.2,-0.08814466428803114
M2I,cv_first,uni:ehr_only,0.21000000000000002,-0.09671657969181754
M2I,cv_first,uni:ehr_only,0.22,-0.10525046366758986
M2I,cv_first,uni:ehr_only,0.23,-0.11374483447139952
M2I,cv_first,uni:ehr_only,0.24000000000000002,-0.1223005616538915
M2I,cv_first,uni:ehr_only,0.25,-0.132014271813169
M2I,cv_first,uni:ehr_only,0.26,-0.14084210710873055
M2I,cv_first,uni:ehr_only,0.27,-0.14963631758783258
M2I,cv_first,uni:ehr_only,0.28,-0.1583955022164559
M2I,cv_first,uni:ehr_only,0.29000000000000004,-0.16666133681753192
M2I,cv_first,uni:ehr_only,0.3,-0.17547843010055145
M2I,cv_first,uni:ehr_only,0.31,-0.18365322690584648
M2I,cv_first,uni:ehr_only,0.32,-0.19224971857052908
M2I,cv_first,uni:ehr_only,0.33,-0.2017709054468172
M2I,cv_first,uni:ehr_only,0.34,-0.21029300464915135
M2I,cv_first,uni:ehr_only,0.35000000000000003,-0.21826891888520178
M2I,cv_first,uni:ehr_only,0.36000000000000004,-0.22686912098605258
M2I,cv_first,uni:ehr_only,0.37,-0.234728078711212
M2I,cv_first,uni:ehr_only,0.38,-0.24303935211827604
M2I,cv_first,uni:ehr_only,0.39,-0.251293449535528
M2I,cv_first,uni:ehr_only,0.4,-0.2600281111471511
M2I,cv_first,uni:ehr_only,0.41000000000000003,-0.26761848738571825
M2I,cv_first,uni:ehr_only,0.42000000000000004,-0.27591799299831116
M2I,cv_first,uni:ehr_only,0.43,-0.28335353466377583
M2I,cv_first,uni:ehr_only,0.44,-0.29185394560029654
M2I,cv_first,uni:ehr_only,0.45,-0.2997080765488161
M2I,cv_first,uni:ehr_only,0.46,-0.30748068860297206
M2I,cv_first,uni:ehr_only,0.47000000000000003,-0.31577916633516734
M2I,cv_first,uni:ehr_only,0.48000000000000004,-0.3243094887596996
M2I,cv_first,uni:ehr_only,0.49,-0.33248109493554145
M2I,cv_first,uni:ehr_only,0.5,-0.34057735971456377
M2I,cv_first,early:plain,0.01,0.07962859211642864
M2I,cv_first,early:plain,0.02,0.0684398313331171
M2I,cv_first,early:plain,0.03,0.06084915282008754
M2I,cv_first,early:plain,0.04,0.054154503189534006
M2I,cv_first,early:plain,0.05,0.04677603837683733
M2I,cv_first,early:plain,0.060000000000000005,0.04192517649981711
M2I,cv_first,early:plain,0.06999999999999999,0.036572393179384696
M2I,cv_first,early:plain,0.08,0.03323978620485411
M2I,cv_first,early:plain,0.09,0.02897848178419051
M2I,cv_first,early:plain,0.09999999999999999,0.027210148844920175
M2I,cv_first,early:plain,0.11,0.02369645792256922
M2I,cv_first,early:plain,0.12,0.020847462624952087
M2I,cv_first,early:plain,0.13,0.018287158723589877
M2I,cv_first,early:plain,0.14,0.017266480097156953
M2I,cv_first,early:plain,0.15000000000000002,0.014939611913529598
M2I,cv_first,early:plain,0.16,0.012897147181934722
M2I,cv_first,early:plain,0.17,0.011563607658007964
M2I,cv_first,early:plain,0.18000000000000002,0.009200730995308656
M2I,cv_first,early:plain,0.19,0.007936793967716235
M2I,cv_first,early:plain,0.2,0.005270840090820628
M2I,cv_first,early:plain,0.21000000000000002,0.004902343188658096
M2I,cv_first,early:plain,0.22,0.00265309347372273
M2I,cv_first,early:plain,0.23,0.0017018336836695618
M2I,cv_first,early:plain,0.24000000000000002,-0.00013657237482288948
M2I,cv_first,early:plain,0.25,-0.0004324791869391269
M2I,cv_first,early:plain,0.26,-0.0019023239911984645
M2I,cv_first,early:plain,0.27,-0.002954780746382061
M2I,cv_first,early:plain,0.28,-0.004090532309799257
M2I,cv_first,early:plain,0.29000000000000004,-0.0041892614199631854
M2I,cv_first,early:plain,0.3,-0.005560446689217371
M2I,cv_first,early:plain,0.31,-0.0054718018869255
M2I,cv_first,early:plain,0.32,-0.005972028772585909
M2I,cv_first,early:plain,0.33,-0.0067389294203649315
M2I,cv_first,early:plain,0.34,-0.00742094968497823
M2I,cv_first,early:plain,0.35000000000000003,-0.007385413807729738
M2I,cv_first,early:plain,0.36000000000000004,-0.00843334414531301
M2I,cv_first,early:plain,0.37,-0.008526018256799963
M2I,cv_first,early:plain,0.38,-0.008433344145313007
M2I,cv_first,early:plain,0.39,-0.008045176350478297
M2I,cv_first,early:plain,0.4,-0.007784625364904317
M2I,cv_first,early:plain,0.41000000000000003,-0.008196946623638655
M2I,cv_first,early:plain,0.42000000000000004,-0.008366235305960387
M2I,cv_first,early:plain,0.43,-0.008399201051607285
M2I,cv_first,early:plain,0.44,-0.008618692368286919
M2I,cv_first,early:plain,0.45,-0.00852180579718692
M2I,cv_first,early:plain,0.46,-0.009826888192116865
M2I,cv_first,early:plain,0.47000000000000003,-0.010508020244921942
M2I,cv_first,early:plain,0.48000000000000004,-0.0108535642106839
M2I,cv_first,early:plain,0.49,-0.010799259697391768
M2I,cv_first,early:plain,0.5,-0.012001297437560818
M2I,cv_first,early:blockstd,0.01,0.0842580852311634
M2I,cv_first,early:blockstd,0.02,0.07494025829598787
M2I,cv_first,early:blockstd,0.03,0.0667912830921816
M2I,cv_first,early:blockstd,0.04,0.06108768515515191
M2I,cv_first,early:blockstd,0.05,0.057718899909520796
M2I,cv_first,early:blockstd,0.060000000000000005,0.0504758421266934
M2I,cv_first,early:blockstd,0.06999999999999999,0.041709827391976116
M2I,cv_first,early:blockstd,0.08,0.036116712970144835
M2I,cv_first,early:blockstd,0.09,0.03279237791076909
M2I,cv_first,early:blockstd,0.09999999999999999,0.02731826864165495
M2I,cv_first,early:blockstd,0.11,0.02068975571000084
M2I,cv_first,early:blockstd,0.12,0.016955149942499928
M2I,cv_first,early:blockstd,0.13,0.014074214919786296
M2I,cv_first,early:blockstd,0.14,0.011081021958376394
M2I,cv_first,early:blockstd,0.15000000000000002,0.009043902997462362
M2I,cv_first,early:blockstd,0.16,0.007413928918956489
M2I,cv_first,early:blockstd,0.17,0.005627440022822394
M2I,cv_first,early:blockstd,0.18000000000000002,0.003892312682452156
M2I,cv_first,early:blockstd,0.19,0.002851159084265366
M2I,cv_first,early:blockstd,0.2,0.0020272461887771652
M2I,cv_first,early:blockstd,0.21000000000000002,0.0021678703547834796
M2I,cv_first,early:blockstd,0.22,0.0017299167477565142
M2I,cv_first,early:blockstd,0.23,0.0011078768782304298
M2I,cv_first,early:blockstd,0.24000000000000002,0.0006999334209672738
M2I,cv_first,early:blockstd,0.25,0.0005405989836739108
M2I,cv_first,early:blockstd,0.26,0.0004996887903148039
M2I,cv_first,early:blockstd,0.27,0.00016884461407897482
M2I,cv_first,early:blockstd,0.28,0.0003964392546942011
M2I,cv_first,early:blockstd,0.29000000000000004,0.0001918745688532753
M2I,cv_first,early:blockstd,0.3,0.00018534822297391223
M2I,cv_first,early:blockstd,0.31,0.00017863270764877047
M2I,cv_first,early:blockstd,0.32,0.0001717196771670069
M2I,cv_first,early:blockstd,0.33,0.0001646002875663847
M2I,cv_first,early:blockstd,0.34,0.0001572651588869558
M2I,cv_first,early:blockstd,0.35000000000000003,0.00014970433394046755
M2I,cv_first,early:blockstd,0.36000000000000004,0.00014190723321440152
M2I,cv_first,early:blockstd,0.37,0.00013386260548115884
M2I,cv_first,early:blockstd,0.38,0.00012555847362748893
M2I,cv_first,early:blockstd,0.39,0.00011698207515566591
M2I,cv_first,early:blockstd,0.4,0.0001081197967347821
M2I,cv_first,early:blockstd,0.41000000000000003,9.895710209624126e-05
M2I,cv_first,early:blockstd,0.42000000000000004,8.947845247016448e-05
M2I,cv_first,early:blockstd,0.43,7.96672186466816e-05
M2I,cv_first,early:blockstd,0.44,6.950558361521711e-05
M2I,cv_first,early:blockstd,0.45,5.897443458260845e-05
M2I,cv_first,early:blockstd,0.46,4.8053242993236476e-05
M2I,cv_first,early:blockstd,0.47000000000000003,3.6719930966529776e-05
M2I,cv_first,early:blockstd,0.48000000000000004,2.4950722323411245e-05
M2I,cv_first,early:blockstd,0.49,1.2719976086444972e-05
M2I,cv_first,early:blockstd,0.5,0.0
M2I,cv_first,inter:plain,0.01,0.03430346278221724
M2I,cv_first,inter:plain,0.02,0.03046992394103279
M2I,cv_first,inter:plain,0.03,0.02837308686478226
M2I,cv_first,inter:plain,0.04,0.026056871013082496
M2I,cv_first,inter:plain,0.05,0.023644092391211565
M2I,cv_first,inter:plain,0.060000000000000005,0.020510555482708887
M2I,cv_first,inter:plain,0.06999999999999999,0.017965324934866543
M2I,cv_first,inter:plain,0.08,0.01603463594184095
M2I,cv_first,inter:plain,0.09,0.01392606744536683
M2I,cv_first,inter:plain,0.09999999999999999,0.012253576963275312
M2I,cv_first,inter:plain,0.11,0.010470612674798731
M2I,cv_first,inter:plain,0.12,0.008389113319376054
M2I,cv_first,inter:plain,0.13,0.006069621692559493
M2I,cv_first,inter:plain,0.14,0.004616463879187439
M2I,cv_first,inter:plain,0.15000000000000002,0.0030337142966171127
M2I,cv_first,inter:plain,0.16,0.0014673400985434695
M2I,cv_first,inter:plain,0.17,-0.0006057313913454682
M2I,cv_first,inter:plain,0.18000000000000002,-0.002547407893799994
M2I,cv_first,inter:plain,0.19,-0.004709217813337174
M2I,cv_first,inter:plain,0.2,-0.0066493674991891065
M2I,cv_first,inter:plain,0.21000000000000002,-0.008622211638343393
M2I,cv_first,inter:plain,0.22,-0.010537521727920694
M2I,cv_first,inter:plain,0.23,-0.013126024154243424
M2I,cv_first,inter:plain,0.24000000000000002,-0.0146815302934599
M2I,cv_first,inter:plain,0.25,-0.016758568493891228
M2I,cv_first,inter:plain,0.26,-0.01876024581181896
M2I,cv_first,inter:plain,0.27,-0.02043019830355596
M2I,cv_first,inter:plain,0.28,-0.023173676433488312
M2I,cv_first,inter:plain,0.29000000000000004,-0.02499851525631245
M2I,cv_first,inter:plain,0.3,-0.02696816644270423
M2I,cv_first,inter:plain,0.31,-0.029718841519882303
M2I,cv_first,inter:plain,0.32,-0.031596420598729275
M2I,cv_first,inter:plain,0.33,-0.03429011284802069
M2I,cv_first,inter:plain,0.34,-0.036357738920178115
M2I,cv_first,inter:plain,0.35000000000000003,-0.038623718156640646
M2I,cv_first,inter:plain,0.36000000000000004,-0.04107200778462537
M2I,cv_first,inter:plain,0.37,-0.04322217588516648
M2I,cv_first,inter:plain,0.38,-0.045797453255626605
M2I,cv_first,inter:plain,0.39,-0.04802114185140087
M2I,cv_first,inter:plain,0.4,-0.05103254405881717
M2I,cv_first,inter:plain,0.41000000000000003,-0.05378868260609025
M2I,cv_first,inter:plain,0.42000000000000004,-0.057031328643171134
M2I,cv_first,inter:plain,0.43,-0.0591927434544844
M2I,cv_first,inter:plain,0.44,-0.062462351142208425
M2I,cv_first,inter:plain,0.45,-0.06522572464836493
M2I,cv_first,inter:plain,0.46,-0.06860801768359341
M2I,cv_first,inter:plain,0.47000000000000003,-0.07239334390051347
M2I,cv_first,inter:plain,0.48000000000000004,-0.07634921030963848
M2I,cv_first,inter:plain,0.49,-0.07948713056419454
M2I,cv_first,inter:plain,0.5,-0.08271164450210833
M2I,cv_first,late:mean,0.01,0.08426136158864021
M2I,cv_first,late:mean,0.02,0.07492701913720401
M2I,cv_first,late:mean,0.03,0.06541693557286216
M2I,cv_first,late:mean,0.04,0.055708725267596494
M2I,cv_first,late:mean,0.05,0.04549567236287279
M2I,cv_first,late:mean,0.060000000000000005,0.03549319880470112
M2I,cv_first,late:mean,0.06999999999999999,0.025390713555781097
M2I,cv_first,late:mean,0.08,0.014962839695948318
M2I,cv_first,late:mean,0.09,0.004391327128920375
M2I,cv_first,late:mean,0.09999999999999999,-0.006270948210617355
M2I,cv_first,late:mean,0.11,-0.017001534329250292
M2I,cv_first,late:mean,0.12,-0.027378881254975965
M2I,cv_first,late:mean,0.13,-0.03812900555884888
M2I,cv_first,late:mean,0.14,-0.04912158951187684
M2I,cv_first,late:mean,0.15000000000000002,-0.06033084657800847
M2I,cv_first,late:mean,0.16,-0.07140540290069972
M2I,cv_first,late:mean,0.17,-0.08201603038817615
M2I,cv_first,late:mean,0.18000000000000002,-0.09353417244843876
M2I,cv_first,late:mean,0.19,-0.10455985231636652
M2I,cv_first,late:mean,0.2,-0.11595848199805385
M2I,cv_first,late:mean,0.21000000000000002,-0.12673829945351606
M2I,cv_first,late:mean,0.22,-0.137112536074586
M2I,cv_first,late:mean,0.23,-0.14761722221988194
M2I,cv_first,late:mean,0.24000000000000002,-0.15828738241972107
M2I,cv_first,late:mean,0.25,-0.16834252351605572
M2I,cv_first,late:mean,0.26,-0.17914281456286002
M2I,cv_first,late:mean,0.27,-0.18999018035270754
M2I,cv_first,late:mean,0.28,-0.19975132446751004
M2I,cv_first,late:mean,0.29000000000000004,-0.20990620988336775
M2I,cv_first,late:mean,0.3,-0.22028636300449467
M2I,cv_first,late:mean,0.31,-0.2278695229096448
M2I,cv_first,late:mean,0.32,-0.23762187327087825
M2I,cv_first,late:mean,0.33,-0.24806715691732714
M2I,cv_first,late:mean,0.34,-0.2559687042333816
M2I,cv_first,late:mean,0.35000000000000003,-0.2663489608024153
M2I,cv_first,late:mean,0.36000000000000004,-0.27550275705481686
M2I,cv_first,late:mean,0.37,-0.28245009756524514
M2I,cv_first,late:mean,0.38,-0.28959015621566764
M2I,cv_first,late:mean,0.39,-0.2986286510371525
M2I,cv_first,late:mean,0.4,-0.3059790247594335
M2I,cv_first,late:mean,0.41000000000000003,-0.31336415663809736
M2I,cv_first,late:mean,0.42000000000000004,-0.3185656604069033
M2I,cv_first,late:mean,0.43,-0.32434800917311113
M2I,cv_first,late:mean,0.44,-0.3311477688707659
M2I,cv_first,late:mean,0.45,-0.33409017191047685
M2I,cv_first,late:mean,0.46,-0.3377902716209561
M2I,cv_first,late:mean,0.47000000000000003,-0.34093231904724025
M2I,cv_first,late:mean,0.48000000000000004,-0.3418248958307343
M2I,cv_first,late:mean,0.49,-0.34350931420248926
M2I,cv_first,late:mean,0.5,-0.3438209536166072
M2I,cv_first,late:wsrc,0.01,0.08426136158864021
M2I,cv_first,late:wsrc,0.02,0.07493363871659595
M2I,cv_first,late:wsrc,0.03,0.06543699904029747
M2I,cv_first,late:wsrc,0.04,0.05573575521678018
M2I,cv_first,late:wsrc,0.05,0.04556395855028423
M2I,cv_first,late:wsrc,0.060000000000000005,0.03555531017729345
M2I,cv_first,late:wsrc,0.06999999999999999,0.025439541851080674
M2I,cv_first,late:wsrc,0.08,0.015273096503969866
M2I,cv_first,late:wsrc,0.09,0.00500083763139228
M2I,cv_first,late:wsrc,0.09999999999999999,-0.005514109633473888
M2I,cv_first,late:wsrc,0.11,-0.016112279371836125
M2I,cv_first,late:wsrc,0.12,-0.026877598561023786
M2I,cv_first,late:wsrc,0.13,-0.03761077618829249
M2I,cv_first,late:wsrc,0.14,-0.04848795721473348
M2I,cv_first,late:wsrc,0.15000000000000002,-0.059128808837839414
M2I,cv_first,late:wsrc,0.16,-0.07037054198909534
M2I,cv_first,late:wsrc,0.17,-0.08028090304780588
M2I,cv_first,late:wsrc,0.18000000000000002,-0.09083645166649527
M2I,cv_first,late:wsrc,0.19,-0.10161258674611469
M2I,cv_first,late:wsrc,0.2,-0.11222834901070385
M2I,cv_first,late:wsrc,0.21000000000000002,-0.12281314025053687
M2I,cv_first,late:wsrc,0.22,-0.1332701248367807
M2I,cv_first,late:wsrc,0.23,-0.14383864594698198
M2I,cv_first,late:wsrc,0.24000000000000002,-0.1547023575806204
M2I,cv_first,late:wsrc,0.25,-0.16455833063033842
M2I,cv_first,late:wsrc,0.26,-0.1727432914588283
M2I,cv_first,late:wsrc,0.27,-0.18356075517975284
M2I,cv_first,late:wsrc,0.28,-0.19429127473240354
M2I,cv_first,late:wsrc,0.29000000000000004,-0.20379820277487176
M2I,cv_first,late:wsrc,0.3,-0.2131504564199991
M2I,cv_first,late:wsrc,0.31,-0.22178190826740382
M2I,cv_first,late:wsrc,0.32,-0.22983724790597398
M2I,cv_first,late:wsrc,0.33,-0.23767797406093122
M2I,cv_first,late:wsrc,0.34,-0.2453041606463599
M2I,cv_first,late:wsrc,0.35000000000000003,-0.2514783302976622
M2I,cv_first,late:wsrc,0.36000000000000004,-0.2609065844956212
M2I,cv_first,late:wsrc,0.37,-0.2681010559700148
M2I,cv_first,late:wsrc,0.38,-0.2762600315988825
M2I,cv_first,late:wsrc,0.39,-0.28341034653281083
M2I,cv_first,late:wsrc,0.4,-0.2887879770786031
M2I,cv_first,late:wsrc,0.41000000000000003,-0.2946667619586909
M2I,cv_first,late:wsrc,0.42000000000000004,-0.3053116646347602
M2I,cv_first,late:wsrc,0.43,-0.3077317035696604
M2I,cv_first,late:wsrc,0.44,-0.31201056484870954
M2I,cv_first,late:wsrc,0.45,-0.31619143101465513
M2I,cv_first,late:wsrc,0.46,-0.3208034502228469
M2I,cv_first,late:wsrc,0.47000000000000003,-0.32031407780953375
M2I,cv_first,late:wsrc,0.48000000000000004,-0.3247087003168742
M2I,cv_first,late:wsrc,0.49,-0.3281944629944096
M2I,cv_first,late:wsrc,0.5,-0.3324683749594551
M2I,cv_first,treat_all,0.01,0.0842580852311634
M2I,cv_first,treat_none,0.01,0.0
M2I,cv_first,treat_all,0.02,0.07491377997842016
M2I,cv_first,treat_none,0.02,0.0
M2I,cv_first,treat_all,0.03,0.06537680863799152
M2I,cv_first,treat_none,0.03,0.0
M2I,cv_first,treat_all,0.04,0.055641150394637254
M2I,cv_first,treat_none,0.04,0.0
M2I,cv_first,treat_all,0.05,0.04570053092510712
M2I,cv_first,treat_none,0.05,0.0
M2I,cv_first,treat_all,0.060000000000000005,0.035548408913672086
M2I,cv_first,treat_none,0.060000000000000005,0.0
M2I,cv_first,treat_all,0.06999999999999999,0.025177961697690085
M2I,cv_first,treat_none,0.06999999999999999,0.0
M2I,cv_first,treat_all,0.08,0.014582069977012793
M2I,cv_first,treat_none,0.08,0.0
M2I,cv_first,treat_all,0.09,0.003753301515221727
M2I,cv_first,treat_none,0.09,0.0
M2I,cv_first,treat_all,0.09999999999999999,-0.0073161062457202525
M2I,cv_first,treat_none,0.09999999999999999,0.0
M2I,cv_first,treat_all,0.11,-0.01863426474286317
M2I,cv_first,treat_none,0.11,0.0
M2I,cv_first,treat_all,0.12,-0.030209654114941156
M2I,cv_first,treat_none,0.12,0.0
M2I,cv_first,treat_all,0.13,-0.0420511443921244
M2I,cv_first,treat_none,0.13,0.0
M2I,cv_first,treat_all,0.14,-0.054168018164125864
M2I,cv_first,treat_none,0.14,0.0
M2I,cv_first,treat_all,0.15000000000000002,-0.06656999484840972
M2I,cv_first,treat_none,0.15000000000000002,0.0
M2I,cv_first,treat_all,0.16,-0.07926725669184315
M2I,cv_first,treat_none,0.16,0.0
M2I,cv_first,treat_all,0.17,-0.09227047665198584
M2I,cv_first,treat_none,0.17,0.0
M2I,cv_first,treat_all,0.18000000000000002,-0.10559084831847346
M2I,cv_first,treat_none,0.18000000000000002,0.0
M2I,cv_first,treat_all,0.19,-0.11924011805080026
M2I,cv_first,treat_none,0.19,0.0
M2I,cv_first,treat_all,0.2,-0.13323061952643528
M2I,cv_first,treat_none,0.2,0.0
M2I,cv_first,treat_all,0.21000000000000002,-0.14757531091284587
M2I,cv_first,treat_none,0.21000000000000002,0.0
M2I,cv_first,treat_all,0.22,-0.16228781489890798
M2I,cv_first,treat_none,0.22,0.0
M2I,cv_first,treat_all,0.23,-0.17738246184564704
M2I,cv_first,treat_none,0.23,0.0
M2I,cv_first,treat_all,0.24000000000000002,-0.19287433634361612
M2I,cv_first,treat_none,0.24000000000000002,0.0
M2I,cv_first,treat_all,0.25,-0.20877932749486428
M2I,cv_first,treat_none,0.25,0.0
M2I,cv_first,treat_all,0.26,-0.22511418327182192
M2I,cv_first,treat_none,0.26,0.0
M2I,cv_first,treat_all,0.27,-0.2418965693440387
M2I,cv_first,treat_none,0.27,0.0
M2I,cv_first,treat_all,0.28,-0.25914513280715035
M2I,cv_first,treat_none,0.28,0.0
M2I,cv_first,treat_all,0.29000000000000004,-0.27687957129739194
M2I,cv_first,treat_none,0.29000000000000004,0.0
M2I,cv_first,treat_all,0.3,-0.2951207080302118
M2I,cv_first,treat_none,0.3,0.0
M2I,cv_first,treat_all,0.31,-0.31389057336398296
M2I,cv_first,treat_none,0.31,0.0
M2I,cv_first,treat_all,0.32,-0.33321249356051214
M2I,cv_first,treat_none,0.32,0.0
M2I,cv_first,treat_all,0.33,-0.35311118749425113
M2I,cv_first,treat_none,0.33,0.0
M2I,cv_first,treat_all,0.34,-0.37361287215325495
M2I,cv_first,treat_none,0.34,0.0
M2I,cv_first,treat_all,0.35000000000000003,-0.39474537787868963
M2I,cv_first,treat_none,0.35000000000000003,0.0
M2I,cv_first,treat_all,0.36000000000000004,-0.4165382744080442
M2I,cv_first,treat_none,0.36000000000000004,0.0
M2I,cv_first,treat_all,0.37,-0.43902300892245755
M2I,cv_first,treat_none,0.37,0.0
M2I,cv_first,treat_all,0.38,-0.4622330574534648
M2I,cv_first,treat_none,0.38,0.0
M2I,cv_first,treat_all,0.39,-0.48620409118221025
M2I,cv_first,treat_none,0.39,0.0
M2I,cv_first,treat_all,0.4,-0.5109741593685804
M2I,cv_first,treat_none,0.4,0.0
M2I,cv_first,treat_all,0.41000000000000003,-0.536583890883302
M2I,cv_first,treat_none,0.41000000000000003,0.0
M2I,cv_first,treat_all,0.42000000000000004,-0.5630767165881867
M2I,cv_first,treat_none,0.42000000000000004,0.0
M2I,cv_first,treat_all,0.43,-0.5904991151248213
M2I,cv_first,treat_none,0.43,0.0
M2I,cv_first,treat_all,0.44,-0.6189008850377646
M2I,cv_first,treat_none,0.44,0.0
M2I,cv_first,treat_all,0.45,-0.6483354465839057
M2I,cv_first,treat_none,0.45,0.0
M2I,cv_first,treat_all,0.46,-0.6788601770762004
M2I,cv_first,treat_none,0.46,0.0
M2I,cv_first,treat_all,0.47000000000000003,-0.7105367841908456
M2I,cv_first,treat_none,0.47000000000000003,0.0
M2I,cv_first,treat_all,0.48000000000000004,-0.743431722348362
M2I,cv_first,treat_none,0.48000000000000004,0.0
M2I,cv_first,treat_all,0.49,-0.7776166580806827
M2I,cv_first,treat_none,0.49,0.0
M2I,cv_first,treat_all,0.5,-0.8131689912422964
M2I,cv_first,treat_none,0.5,0.0
M2M,death_30d,uni:ehr_only,0.01,0.0830990315526398
M2M,death_30d,uni:ehr_only,0.02,0.0740213611217683
M2M,death_30d,uni:ehr_only,0.03,0.06496283283214445
M2M,death_30d,uni:ehr_only,0.04,0.055942995755003035
M2M,death_30d,uni:ehr_only,0.05,0.04698222208036769
M2M,death_30d,uni:ehr_only,0.060000000000000005,0.03794691818381224
M2M,death_30d,uni:ehr_only,0.06999999999999999,0.02900421891403719
M2M,death_30d,uni:ehr_only,0.08,0.020038495003559476
M2M,death_30d,uni:ehr_only,0.09,0.0110889716711427
M2M,death_30d,uni:ehr_only,0.09999999999999999,0.0022909507445589977
M2M,death_30d,uni:ehr_only,0.11,-0.006609385327164569
M2M,death_30d,uni:ehr_only,0.12,-0.015574177187276023
M2M,death_30d,uni:ehr_only,0.13,-0.024264095968995494
M2M,death_30d,uni:ehr_only,0.14,-0.03309969396533488
M2M,death_30d,uni:ehr_only,0.15000000000000002,-0.04180786929690011
M2M,death_30d,uni:ehr_only,0.16,-0.05059343324958851
M2M,death_30d,uni:ehr_only,0.17,-0.059356893918913994
M2M,death_30d,uni:ehr_only,0.18000000000000002,-0.06796432427635374
M2M,death_30d,uni:ehr_only,0.19,-0.0766719822713354
M2M,death_30d,uni:ehr_only,0.2,-0.08596118859915101
M2M,death_30d,uni:ehr_only,0.21000000000000002,-0.09445693976403037
M2M,death_30d,uni:ehr_only,0.22,-0.10290619023184215
M2M,death_30d,uni:ehr_only,0.23,-0.11166941003205406
M2M,death_30d,uni:ehr_only,0.24000000000000002,-0.12004085410615685
M2M,death_30d,uni:ehr_only,0.25,-0.12815847988680007
M2M,death_30d,uni:ehr_only,0.26,-0.136839689902152
M2M,death_30d,uni:ehr_only,0.27,-0.1452852289058541
M2M,death_30d,uni:ehr_only,0.28,-0.15346000943332666
M2M,death_30d,uni:ehr_only,0.29000000000000004,-0.16157466326155845
M2M,death_30d,uni:ehr_only,0.3,-0.16988651130555316
M2M,death_30d,uni:ehr_only,0.31,-0.1781580404461202
M2M,death_30d,uni:ehr_only,0.32,-0.18610209396068922
M2M,death_30d,uni:ehr_only,0.33,-0.19427423223482354
M2M,death_30d,uni:ehr_only,0.34,-0.20208758292445378
M2M,death_30d,uni:ehr_only,0.35000000000000003,-0.21075710220646549
M2M,death_30d,uni:ehr_only,0.36000000000000004,-0.21876895087932086
M2M,death_30d,uni:ehr_only,0.37,-0.22637096075543617
M2M,death_30d,uni:ehr_only,0.38,-0.23425732115260472
M2M,death_30d,uni:ehr_only,0.39,-0.24307826899561585
M2M,death_30d,uni:ehr_only,0.4,-0.2504548211036992
M2M,death_30d,uni:ehr_only,0.41000000000000003,-0.2581533749267661
M2M,death_30d,uni:ehr_only,0.42000000000000004,-0.2653436774638757
M2M,death_30d,uni:ehr_only,0.43,-0.27242454225314644
M2M,death_30d,uni:ehr_only,0.44,-0.2798665858095815
M2M,death_30d,uni:ehr_only,0.45,-0.2867302497381332
M2M,death_30d,uni:ehr_only,0.46,-0.2951059003211823
M2M,death_30d,uni:ehr_only,0.47000000000000003,-0.30228726386489235
M2M,death_30d,uni:ehr_only,0.48000000000000004,-0.3088118673321827
M2M,death_30d,uni:ehr_only,0.49,-0.314605405533954
M2M,death_30d,uni:ehr_only,0.5,-0.3220133414190418
M2M,death_30d,early:plain,0.01,0.08527972263569594
M2M,death_30d,early:plain,0.02,0.07972673605524684
M2M,death_30d,early:plain,0.03,0.07512206710721274
M2M,death_30d,early:plain,0.04,0.06989084293511219
M2M,death_30d,early:plain,0.05,0.06791995148574893
M2M,death_30d,early:plain,0.060000000000000005,0.06331367818019948
M2M,death_30d,early:plain,0.06999999999999999,0.06040154671778922
M2M,death_30d,early:plain,0.08,0.056265984654731455
M2M,death_30d,early:plain,0.09,0.05363223798639201
M2M,death_30d,early:plain,0.09999999999999999,0.05154639175257732
M2M,death_30d,early:plain,0.11,0.05078324623026553
M2M,death_30d,early:plain,0.12,0.0486796405535035
M2M,death_30d,early:plain,0.13,0.044499278559628624
M2M,death_30d,early:plain,0.14,0.04353589913548732
M2M,death_30d,early:plain,0.15000000000000002,0.04020261834266756
M2M,death_30d,early:plain,0.16,0.03817609518034017
M2M,death_30d,early:plain,0.17,0.03295169763346899
M2M,death_30d,early:plain,0.18000000000000002,0.03194840923545682
M2M,death_30d,early:plain,0.19,0.031781326505401705
M2M,death_30d,early:plain,0.2,0.030321406913280776
M2M,death_30d,early:plain,0.21000000000000002,0.028655648609437246
M2M,death_30d,early:plain,0.22,0.027849046041890188
M2M,death_30d,early:plain,0.23,0.026115788395958194
M2M,death_30d,early:plain,0.24000000000000002,0.0249273882097603
M2M,death_30d,early:plain,0.25,0.024459268243379823
M2M,death_30d,early:plain,0.26,0.022044482323439266
M2M,death_30d,early:plain,0.27,0.020718243518280072
M2M,death_30d,early:plain,0.28,0.021494508456303477
M2M,death_30d,early:plain,0.29000000000000004,0.020900417666703676
M2M,death_30d,early:plain,0.3,0.019319067833318895
M2M,death_30d,early:plain,0.31,0.01810495601198794
M2M,death_30d,early:plain,0.32,0.01619519851603467
M2M,death_30d,early:plain,0.33,0.01638261089941439
M2M,death_30d,early:plain,0.34,0.015160703456640383
M2M,death_30d,early:plain,0.35000000000000003,0.01553389000326538
M2M,death_30d,early:plain,0.36000000000000004,0.014857489387507576
M2M,death_30d,early:plain,0.37,0.01412111236247076
M2M,death_30d,early:plain,0.38,0.01476945949646902
M2M,death_30d,early:plain,0.39,0.014355446420582767
M2M,death_30d,early:plain,0.4,0.01414998989286436
M2M,death_30d,early:plain,0.41000000000000003,0.015047640583404426
M2M,death_30d,early:plain,0.42000000000000004,0.015181614771752994
M2M,death_30d,early:plain,0.43,0.014905365293160132
M2M,death_30d,early:plain,0.44,0.014034479771289955
M2M,death_30d,early:plain,0.45,0.013176029549589283
M2M,death_30d,early:plain,0.46,0.011207690407205265
M2M,death_30d,early:plain,0.47000000000000003,0.010892822408091807
M2M,death_30d,early:plain,0.48000000000000004,0.009469608620609225
M2M,death_30d,early:plain,0.49,0.008644573657237305
M2M,death_30d,early:plain,0.5,0.007883565797453002
M2M,death_30d,early:blockstd,0.01,0.08300714850138743
M2M,death_30d,early:blockstd,0.02,0.0740956176284947
M2M,death_30d,early:blockstd,0.03,0.06818878045425844
M2M,death_30d,early:blockstd,0.04,0.06587325651910249
M2M,death_30d,early:blockstd,0.05,0.06460055536050556
M2M,death_30d,early:blockstd,0.060000000000000005,0.062049210998283935
M2M,death_30d,early:blockstd,0.06999999999999999,0.05828882933286385
M2M,death_30d,early:blockstd,0.08,0.05776887177999841
M2M,death_30d,early:blockstd,0.09,0.05624454381276699
M2M,death_30d,early:blockstd,0.09999999999999999,0.05518496058217101
M2M,death_30d,early:blockstd,0.11,0.04991107991905207
M2M,death_30d,early:blockstd,0.12,0.04799051766911076
M2M,death_30d,early:blockstd,0.13,0.04404620006552212
M2M,death_30d,early:blockstd,0.14,0.040376831624522255
M2M,death_30d,early:blockstd,0.15000000000000002,0.03770556130275033
M2M,death_30d,early:blockstd,0.16,0.03733864679892576
M2M,death_30d,early:blockstd,0.17,0.03468330569092623
M2M,death_30d,early:blockstd,0.18000000000000002,0.03434453992811608
M2M,death_30d,early:blockstd,0.19,0.032896854809124874
M2M,death_30d,early:blockstd,0.2,0.029108550636749542
M2M,death_30d,early:blockstd,0.21000000000000002,0.028379301609721273
M2M,death_30d,early:blockstd,0.22,0.02578097059601002
M2M,death_30d,early:blockstd,0.23,0.0233907996188166
M2M,death_30d,early:blockstd,0.24000000000000002,0.022725096549743064
M2M,death_30d,early:blockstd,0.25,0.02142712755205175
M2M,death_30d,early:blockstd,0.26,0.019553209971645384
M2M,death_30d,early:blockstd,0.27,0.018226073087051514
M2M,death_30d,early:blockstd,0.28,0.016811535610807896
M2M,death_30d,early:blockstd,0.29000000000000004,0.015280280836016708
M2M,death_30d,early:blockstd,0.3,0.0156804990037252
M2M,death_30d,early:blockstd,0.31,0.015380423796591696
M2M,death_30d,early:blockstd,0.32,0.015125031213213
M2M,death_30d,early:blockstd,0.33,0.014309893829819974
M2M,death_30d,early:blockstd,0.34,0.012018303103809469
M2M,death_30d,early:blockstd,0.35000000000000003,0.010962354807109203
M2M,death_30d,early:blockstd,0.36000000000000004,0.009589144936325044
M2M,death_30d,early:blockstd,0.37,0.009779856959966117
M2M,death_30d,early:blockstd,0.38,0.009018173281949959
M2M,death_30d,early:blockstd,0.39,0.006819831194265774
M2M,death_30d,early:blockstd,0.4,0.006872852233676976
M2M,death_30d,early:blockstd,0.41000000000000003,0.006146508926827765
M2M,death_30d,early:blockstd,0.42000000000000004,0.006461596369795697
M2M,death_30d,early:blockstd,0.43,0.00574510867830583
M2M,death_30d,early:blockstd,0.44,0.004418262150220913
M2M,death_30d,early:blockstd,0.45,0.003693698660345113
M2M,death_30d,early:blockstd,0.46,0.0035711879253419575
M2M,death_30d,early:blockstd,0.47000000000000003,0.0033067496595992995
M2M,death_30d,early:blockstd,0.48000000000000004,0.003218733964640574
M2M,death_30d,early:blockstd,0.49,0.0025208385355355
M2M,death_30d,early:blockstd,0.5,0.001212856276531231
M2M,death_30d,inter:plain,0.01,0.06938395476903664
M2M,death_30d,inter:plain,0.02,0.06475167386542247
M2M,death_30d,inter:plain,0.03,0.0579107612861278
M2M,death_30d,inter:plain,0.04,0.05670103092783505
M2M,death_30d,inter:plain,0.05,0.05419552519868501
M2M,death_30d,inter:plain,0.060000000000000005,0.052385068965072314
M2M,death_30d,inter:plain,0.06999999999999999,0.05050959525812321
M2M,death_30d,inter:plain,0.08,0.04846151817966093
M2M,death_30d,inter:plain,0.09,0.047434675694226935
M2M,death_30d,inter:plain,0.09999999999999999,0.04622330031669025
M2M,death_30d,inter:plain,0.11,0.043219929000211224
M2M,death_30d,inter:plain,0.12,0.04206406086333315
M2M,death_30d,inter:plain,0.13,0.04084676885329318
M2M,death_30d,inter:plain,0.14,0.03903704852835404
M2M,death_30d,inter:plain,0.15000000000000002,0.0371348054079121
M2M,death_30d,inter:plain,0.16,0.035808137688064914
M2M,death_30d,inter:plain,0.17,0.034551791154916814
M2M,death_30d,inter:plain,0.18000000000000002,0.03282107411735123
M2M,death_30d,inter:plain,0.19,0.03157169702550741
M2M,death_30d,inter:plain,0.2,0.028956943602183143
M2M,death_30d,inter:plain,0.21000000000000002,0.027696110415978997
M2M,death_30d,inter:plain,0.22,0.026947178554213122
M2M,death_30d,inter:plain,0.23,0.024926559189749002
M2M,death_30d,inter:plain,0.24000000000000002,0.024257125530624615
M2M,death_30d,inter:plain,0.25,0.023246411966848596
M2M,death_30d,inter:plain,0.26,0.021011915493419436
M2M,death_30d,inter:plain,0.27,0.02001212856276531
M2M,death_30d,inter:plain,0.28,0.018563439121352998
M2M,death_30d,inter:plain,0.29000000000000004,0.016484595871163917
M2M,death_30d,inter:plain,0.3,0.014900805683097977
M2M,death_30d,inter:plain,0.31,0.013130487515490279
M2M,death_30d,inter:plain,0.32,0.010701673028216736
M2M,death_30d,inter:plain,0.33,0.009123575572712532
M2M,death_30d,inter:plain,0.34,0.007828435966701575
M2M,death_30d,inter:plain,0.35000000000000003,0.006530764565937389
M2M,death_30d,inter:plain,0.36000000000000004,0.003941782898726494
M2M,death_30d,inter:plain,0.37,0.0016460192324352363
M2M,death_30d,inter:plain,0.38,-7.824879203428142e-05
M2M,death_30d,inter:plain,0.39,-0.001282446390758439
M2M,death_30d,inter:plain,0.4,-0.003638568829593701
M2M,death_30d,inter:plain,0.41000000000000003,-0.004584185587567201
M2M,death_30d,inter:plain,0.42000000000000004,-0.007423516864975652
M2M,death_30d,inter:plain,0.43,-0.0092772866064494
M2M,death_30d,inter:plain,0.44,-0.009269687256345839
M2M,death_30d,inter:plain,0.45,-0.010750316996526815
M2M,death_30d,inter:plain,0.46,-0.0126226893964917
M2M,death_30d,inter:plain,0.47000000000000003,-0.014005057381832338
M2M,death_30d,inter:plain,0.48000000000000004,-0.016513504688156003
M2M,death_30d,inter:plain,0.49,-0.018537675834433234
M2M,death_30d,inter:plain,0.5,-0.020618556701030924
M2M,death_30d,late:mean,0.01,0.08300714850138743
M2M,death_30d,late:mean,0.02,0.0736624546725907
M2M,death_30d,late:mean,0.03,0.06413759041718506
M2M,death_30d,late:mean,0.04,0.054426925409338994
M2M,death_30d,late:mean,0.05,0.04462034406817529
M2M,death_30d,late:mean,0.060000000000000005,0.03465672296556262
M2M,death_30d,late:mean,0.06999999999999999,0.024576641431431248
M2M,death_30d,late:mean,0.08,0.014817939726316356
M2M,death_30d,late:mean,0.09,0.004791448696845918
M2M,death_30d,late:mean,0.09999999999999999,-0.00559261505289399
M2M,death_30d,late:mean,0.11,-0.01605331116577291
M2M,death_30d,late:mean,0.12,-0.026324494183802838
M2M,death_30d,late:mean,0.13,-0.03685967810515606
M2M,death_30d,late:mean,0.14,-0.04692061432580705
M2M,death_30d,late:mean,0.15000000000000002,-0.05721827845753222
M2M,death_30d,late:mean,0.16,-0.06699587051315373
M2M,death_30d,late:mean,0.17,-0.07711866264329606
M2M,death_30d,late:mean,0.18000000000000002,-0.08819831679214307
M2M,death_30d,late:mean,0.19,-0.09872051149593092
M2M,death_30d,late:mean,0.2,-0.10794420861127957
M2M,death_30d,late:mean,0.21000000000000002,-0.11770846926791076
M2M,death_30d,late:mean,0.22,-0.12675903033695635
M2M,death_30d,late:mean,0.23,-0.13642270403944143
M2M,death_30d,late:mean,0.24000000000000002,-0.14586192588809807
M2M,death_30d,late:mean,0.25,-0.15504346068324237
M2M,death_30d,late:mean,0.26,-0.16478455411141885
M2M,death_30d,late:mean,0.27,-0.1724914227800992
M2M,death_30d,late:mean,0.28,-0.18162522741055193
M2M,death_30d,late:mean,0.29000000000000004,-0.18846249113846208
M2M,death_30d,late:mean,0.3,-0.19656934938924026
M2M,death_30d,late:mean,0.31,-0.20288976191103963
M2M,death_30d,late:mean,0.32,-0.21003816930046737
M2M,death_30d,late:mean,0.33,-0.2205497678375859
M2M,death_30d,late:mean,0.34,-0.2274105518496059
M2M,death_30d,late:mean,0.35000000000000003,-0.23300835004898074
M2M,death_30d,late:mean,0.36000000000000004,-0.23931170406306862
M2M,death_30d,late:mean,0.37,-0.24738417703851295
M2M,death_30d,late:mean,0.38,-0.25358477278507013
M2M,death_30d,late:mean,0.39,-0.2615196492658243
M2M,death_30d,late:mean,0.4,-0.26804123711340205
M2M,death_30d,late:mean,0.41000000000000003,-0.2701380394897781
M2M,death_30d,late:mean,0.42000000000000004,-0.27314359800087834
M2M,death_30d,late:mean,0.43,-0.27821220729203233
M2M,death_30d,late:mean,0.44,-0.2853677553495625
M2M,death_30d,late:mean,0.45,-0.28794310601466444
M2M,death_30d,late:mean,0.46,-0.2901197134065539
M2M,death_30d,late:mean,0.47000000000000003,-0.2916690504250718
M2M,death_30d,late:mean,0.48000000000000004,-0.29663665624854224
M2M,death_30d,late:mean,0.49,-0.2960320574560934
M2M,death_30d,late:mean,0.5,-0.29836264402668283
M2M,death_30d,late:wsrc,0.01,0.0830132740381376
M2M,death_30d,late:wsrc,0.02,0.0736624546725907
M2M,death_30d,late:wsrc,0.03,0.06413759041718506
M2M,death_30d,late:wsrc,0.04,0.054477461087527795
M2M,death_30d,late:wsrc,0.05,0.04471609587948039
M2M,death_30d,late:wsrc,0.060000000000000005,0.03485026386075377
M2M,death_30d,late:wsrc,0.06999999999999999,0.025124382975671156
M2M,death_30d,late:wsrc,0.08,0.015187069897434555
M2M,death_30d,late:wsrc,0.09,0.005031354333961985
M2M,death_30d,late:wsrc,0.09999999999999999,-0.005255710531635316
M2M,death_30d,late:wsrc,0.11,-0.01500398607259422
M2M,death_30d,late:wsrc,0.12,-0.025166767738023038
M2M,death_30d,late:wsrc,0.13,-0.03477551703226617
M2M,death_30d,late:wsrc,0.14,-0.044650034552300905
M2M,death_30d,late:wsrc,0.15000000000000002,-0.05518496058217104
M2M,death_30d,late:wsrc,0.16,-0.06480117820324005
M2M,death_30d,late:wsrc,0.17,-0.07401345832085165
M2M,death_30d,late:wsrc,0.18000000000000002,-0.08433788400952538
M2M,death_30d,late:wsrc,0.19,-0.09317281704587141
M2M,death_30d,late:wsrc,0.2,-0.10294117647058823
M2M,death_30d,late:wsrc,0.21000000000000002,-0.11222758710687722
M2M,death_30d,late:wsrc,0.22,-0.1211145838192533
M2M,death_30d,late:wsrc,0.23,-0.1293582100131524
M2M,death_30d,late:wsrc,0.24000000000000002,-0.13896779547413107
M2M,death_30d,late:wsrc,0.25,-0.14695775217303414
M2M,death_30d,late:wsrc,0.26,-0.15306574008817792
M2M,death_30d,late:wsrc,0.27,-0.16082806516194958
M2M,death_30d,late:wsrc,0.28,-0.16936190283673613
M2M,death_30d,late:wsrc,0.29000000000000004,-0.1792977391334057
M2M,death_30d,late:wsrc,0.3,-0.18539374512691675
M2M,death_30d,late:wsrc,0.31,-0.19280899271407353
M2M,death_30d,late:wsrc,0.32,-0.20090607498305574
M2M,death_30d,late:wsrc,0.33,-0.20800485142510622
M2M,death_30d,late:wsrc,0.34,-0.21522685925354212
M2M,death_30d,late:wsrc,0.35000000000000003,-0.2232588515184028
M2M,death_30d,late:wsrc,0.36000000000000004,-0.23283050333535477
M2M,death_30d,late:wsrc,0.37,-0.23965462473649252
M2M,death_30d,late:wsrc,0.38,-0.2436863005927346
M2M,death_30d,late:wsrc,0.39,-0.25155832148644486
M2M,death_30d,late:wsrc,0.4,-0.25894481503941785
M2M,death_30d,late:wsrc,0.41000000000000003,-0.26579025809170426
M2M,death_30d,late:wsrc,0.42000000000000004,-0.26983961021308633
M2M,death_30d,late:wsrc,0.43,-0.2712116859766152
M2M,death_30d,late:wsrc,0.44,-0.2787836784198215
M2M,death_30d,late:wsrc,0.45,-0.28265064226252823
M2M,death_30d,late:wsrc,0.46,-0.2871774139208948
M2M,death_30d,late:wsrc,0.47000000000000003,-0.29099397004473837
M2M,death_30d,late:wsrc,0.48000000000000004,-0.29649671129355787
M2M,death_30d,late:wsrc,0.49,-0.3041415474619198
M2M,death_30d,late:wsrc,0.5,-0.3098847786537295
M2M,death_30d,treat_all,0.01,0.08300714850138743
M2M,death_30d,treat_none,0.01,0.0
M2M,death_30d,treat_all,0.02,0.0736500785881363
M2M,death_30d,treat_none,0.02,0.0
M2M,death_30d,treat_all,0.03,0.06410007939832327
M2M,death_30d,treat_none,0.03,0.0
M2M,death_30d,treat_all,0.04,0.05435112189205579
M2M,death_30d,treat_none,0.04,0.0
M2M,death_30d,treat_all,0.05,0.04439692317513007
M2M,death_30d,treat_none,0.05,0.0
M2M,death_30d,treat_all,0.060000000000000005,0.034230932996142084
M2M,death_30d,treat_none,0.060000000000000005,0.0
M2M,death_30d,treat_all,0.06999999999999999,0.023846319372444705
M2M,death_30d,treat_none,0.06999999999999999,0.0
M2M,death_30d,treat_all,0.08,0.013235953278666918
M2M,death_30d,treat_none,0.08,0.0
M2M,death_30d,treat_all,0.09,0.002392392325685236
M2M,death_30d,treat_none,0.09,0.0
M2M,death_30d,treat_all,0.09999999999999999,-0.008692136648473806
M2M,death_30d,treat_none,0.09999999999999999,0.0
M2M,death_30d,treat_all,0.11,-0.020025756161378014
M2M,death_30d,treat_none,0.11,0.0
M2M,death_30d,treat_all,0.12,-0.03161695793593912
M2M,death_30d,treat_none,0.12,0.0
M2M,death_30d,treat_all,0.13,-0.04347462411911085
M2M,death_30d,treat_none,0.13,0.0
M2M,death_30d,treat_all,0.14,-0.05560804998096097
M2M,death_30d,treat_none,0.14,0.0
M2M,death_30d,treat_all,0.15000000000000002,-0.06802696821603113
M2M,death_30d,treat_none,0.15000000000000002,0.0
M2M,death_30d,treat_all,0.16,-0.08074157498050769
M2M,death_30d,treat_none,0.16,0.0
M2M,death_30d,treat_all,0.17,-0.09376255781159815
M2M,death_30d,treat_none,0.17,0.0
M2M,death_30d,treat_all,0.18000000000000002,-0.10710112558978835
M2M,death_30d,treat_none,0.18000000000000002,0.0
M2M,death_30d,treat_all,0.19,-0.12076904072052644
M2M,death_30d,treat_none,0.19,0.0
M2M,death_30d,treat_all,0.2,-0.13477865372953304
M2M,death_30d,treat_none,0.2,0.0
M2M,death_30d,treat_all,0.21000000000000002,-0.14914294048560311
M2M,death_30d,treat_none,0.21000000000000002,0.0
M2M,death_30d,treat_all,0.22,-0.16387554228670054
M2M,death_30d,treat_none,0.22,0.0
M2M,death_30d,treat_all,0.23,-0.1789908090696447
M2M,death_30d,treat_none,0.23,0.0
M2M,death_30d,treat_all,0.24000000000000002,-0.19450384603108745
M2M,death_30d,treat_none,0.24000000000000002,0.0
M2M,death_30d,treat_all,0.25,-0.21043056397816856
M2M,death_30d,treat_none,0.25,0.0
M2M,death_30d,treat_all,0.26,-0.22678773376165734
M2M,death_30d,treat_none,0.26,0.0
M2M,death_30d,treat_all,0.27,-0.24359304518304992
M2M,death_30d,treat_none,0.27,0.0
M2M,death_30d,treat_all,0.28,-0.26086517081059235
M2M,death_30d,treat_none,0.28,0.0
M2M,death_30d,treat_all,0.29000000000000004,-0.2786238351882063
M2M,death_30d,treat_none,0.29000000000000004,0.0
M2M,death_30d,treat_all,0.3,-0.2968898899766092
M2M,death_30d,treat_none,0.3,0.0
M2M,death_30d,treat_all,0.31,-0.31568539562844417
M2M,death_30d,treat_none,0.31,0.0
M2M,death_30d,treat_all,0.32,-0.3350337102700389
M2M,death_30d,treat_none,0.32,0.0
M2M,death_30d,treat_all,0.33,-0.3549595865427261
M2M,death_30d,treat_none,0.33,0.0
M2M,death_30d,treat_all,0.34,-0.3754892772479189
M2M,death_30d,treat_none,0.34,0.0
M2M,death_30d,treat_all,0.35000000000000003,-0.39665065074404077
M2M,death_30d,treat_none,0.35000000000000003,0.0
M2M,death_30d,treat_all,0.36000000000000004,-0.4184733171619164
M2M,death_30d,treat_none,0.36000000000000004,0.0
M2M,death_30d,treat_all,0.37,-0.4409887666406769
M2M,death_30d,treat_none,0.37,0.0
M2M,death_30d,treat_all,0.38,-0.464230520941333
M2M,death_30d,treat_none,0.38,0.0
M2M,death_30d,treat_all,0.39,-0.48823429997315815
M2M,death_30d,treat_none,0.39,0.0
M2M,death_30d,treat_all,0.4,-0.5130382049727108
M2M,death_30d,treat_none,0.4,0.0
M2M,death_30d,treat_all,0.41000000000000003,-0.5386829203112313
M2M,death_30d,treat_none,0.41000000000000003,0.0
M2M,death_30d,treat_all,0.42000000000000004,-0.5652119361786664
M2M,death_30d,treat_none,0.42000000000000004,0.0
M2M,death_30d,treat_all,0.43,-0.5926717947081165
M2M,death_30d,treat_none,0.43,0.0
M2M,death_30d,treat_all,0.44,-0.6211123624707615
M2M,death_30d,treat_none,0.44,0.0
M2M,death_30d,treat_all,0.45,-0.6505871326975026
M2M,death_30d,treat_none,0.45,0.0
M2M,death_30d,treat_all,0.46,-0.6811535610807897
M2M,death_30d,treat_none,0.46,0.0
M2M,death_30d,treat_all,0.47000000000000003,-0.712873439591748
M2M,death_30d,treat_none,0.47000000000000003,0.0
M2M,death_30d,treat_all,0.48000000000000004,-0.7458133134300509
M2M,death_30d,treat_none,0.48000000000000004,0.0
M2M,death_30d,treat_all,0.49,-0.7800449470267184
M2M,death_30d,treat_none,0.49,0.0
M2M,death_30d,treat_all,0.5,-0.8156458459672529
M2M,death_30d,treat_none,0.5,0.0
M2M,composite_30d,uni:ehr_only,0.01,0.12414012777869661
M2M,composite_30d,uni:ehr_only,0.02,0.11548124404400936
M2M,composite_30d,uni:ehr_only,0.03,0.10686889273724157
M2M,composite_30d,uni:ehr_only,0.04,0.0982918940772185
M2M,composite_30d,uni:ehr_only,0.05,0.08968752992244103
M2M,composite_30d,uni:ehr_only,0.060000000000000005,0.08120975962220817
M2M,composite_30d,uni:ehr_only,0.06999999999999999,0.07273877292852626
M2M,composite_30d,uni:ehr_only,0.08,0.06420228333377277
M2M,composite_30d,uni:ehr_only,0.09,0.05579805276591207
M2M,composite_30d,uni:ehr_only,0.09999999999999999,0.04602115760393505
M2M,composite_30d,uni:ehr_only,0.11,0.03768031016414444
M2M,composite_30d,uni:ehr_only,0.12,0.02938419979050666
M2M,composite_30d,uni:ehr_only,0.13,0.021043753441653934
M2M,composite_30d,uni:ehr_only,0.14,0.012734990903577922
M2M,composite_30d,uni:ehr_only,0.15000000000000002,0.004673063888987944
M2M,composite_30d,uni:ehr_only,0.16,-0.0036674463599873086
M2M,composite_30d,uni:ehr_only,0.17,-0.01186553369329349
M2M,composite_30d,uni:ehr_only,0.18000000000000002,-0.01976068274933812
M2M,composite_30d,uni:ehr_only,0.19,-0.02800799586730454
M2M,composite_30d,uni:ehr_only,0.2,-0.03608247422680411
M2M,composite_30d,uni:ehr_only,0.21000000000000002,-0.043632120732933655
M2M,composite_30d,uni:ehr_only,0.22,-0.052541555876910645
M2M,composite_30d,uni:ehr_only,0.23,-0.06108385247257292
M2M,composite_30d,uni:ehr_only,0.24000000000000002,-0.068973221410105
M2M,composite_30d,uni:ehr_only,0.25,-0.07681423084697794
M2M,composite_30d,uni:ehr_only,0.26,-0.08417878157114059
M2M,composite_30d,uni:ehr_only,0.27,-0.09189463103416767
M2M,composite_30d,uni:ehr_only,0.28,-0.09955528603193858
M2M,composite_30d,uni:ehr_only,0.29000000000000004,-0.10715841440394952
M2M,composite_30d,uni:ehr_only,0.3,-0.11444165294983974
M2M,composite_30d,uni:ehr_only,0.31,-0.12190963341858482
M2M,composite_30d,uni:ehr_only,0.32,-0.12902650447686656
M2M,composite_30d,uni:ehr_only,0.33,-0.13604807979508163
M2M,composite_30d,uni:ehr_only,0.34,-0.1435948324971976
M2M,composite_30d,uni:ehr_only,0.35000000000000003,-0.15198022111302892
M2M,composite_30d,uni:ehr_only,0.36000000000000004,-0.15968010915706493
M2M,composite_30d,uni:ehr_only,0.37,-0.16704688748351576
M2M,composite_30d,uni:ehr_only,0.38,-0.17361450732604317
M2M,composite_30d,uni:ehr_only,0.39,-0.18105359432939988
M2M,composite_30d,uni:ehr_only,0.4,-0.18819486557509607
M2M,composite_30d,uni:ehr_only,0.41000000000000003,-0.19442702819376922
M2M,composite_30d,uni:ehr_only,0.42000000000000004,-0.20217059450868868
M2M,composite_30d,uni:ehr_only,0.43,-0.20965391039758274
M2M,composite_30d,uni:ehr_only,0.44,-0.21753443645499437
M2M,composite_30d,uni:ehr_only,0.45,-0.2232758145432493
M2M,composite_30d,uni:ehr_only,0.46,-0.2283314242077129
M2M,composite_30d,uni:ehr_only,0.47000000000000003,-0.23592342986601372
M2M,composite_30d,uni:ehr_only,0.48000000000000004,-0.24289779353454305
M2M,composite_30d,uni:ehr_only,0.49,-0.24741078966456198
M2M,composite_30d,uni:ehr_only,0.5,-0.2546998180715585
M2M,composite_30d,early:plain,0.01,0.12397473828644236
M2M,composite_30d,early:plain,0.02,0.11634756995581737
M2M,composite_30d,early:plain,0.03,0.11157027376791932
M2M,composite_30d,early:plain,0.04,0.10443197897715786
M2M,composite_30d,early:plain,0.05,0.09967763556860618
M2M,composite_30d,early:plain,0.060000000000000005,0.0956221049507761
M2M,composite_30d,early:plain,0.06999999999999999,0.09101638660119851
M2M,composite_30d,early:plain,0.08,0.08587549766656999
M2M,composite_30d,early:plain,0.09,0.08155458852851212
M2M,composite_30d,early:plain,0.09999999999999999,0.07789232531500573
M2M,composite_30d,early:plain,0.11,0.07642357302008027
M2M,composite_30d,early:plain,0.12,0.07213738353823254
M2M,composite_30d,early:plain,0.13,0.06800359674619937
M2M,composite_30d,early:plain,0.14,0.0647044720549452
M2M,composite_30d,early:plain,0.15000000000000002,0.060928191773980664
M2M,composite_30d,early:plain,0.16,0.0589679170637327
M2M,composite_30d,early:plain,0.17,0.05588637144088787
M2M,composite_30d,early:plain,0.18000000000000002,0.04946087059415166
M2M,composite_30d,early:plain,0.19,0.04861906580119639
M2M,composite_30d,early:plain,0.2,0.04639175257731959
M2M,composite_30d,early:plain,0.21000000000000002,0.04458398262084423
M2M,composite_30d,early:plain,0.22,0.03920013683506709
M2M,composite_30d,early:plain,0.23,0.03739377662967718
M2M,composite_30d,early:plain,0.24000000000000002,0.033608885768089104
M2M,composite_30d,early:plain,0.25,0.03052354962603599
M2M,composite_30d,early:plain,0.26,0.028321833051972528
M2M,composite_30d,early:plain,0.27,0.027073278117912887
M2M,composite_30d,early:plain,0.28,0.0272892662219527
M2M,composite_30d,early:plain,0.29000000000000004,0.026272858497253984
M2M,composite_30d,early:plain,0.3,0.024257125530624618
M2M,composite_30d,early:plain,0.31,0.022798182473347924
M2M,composite_30d,early:plain,0.32,0.020761245674740476
M2M,composite_30d,early:plain,0.33,0.019043653774788873
M2M,composite_30d,early:plain,0.34,0.01683297498943344
M2M,composite_30d,early:plain,0.35000000000000003,0.01502075850165601
M2M,composite_30d,early:plain,0.36000000000000004,0.0120148574893875
M2M,composite_30d,early:plain,0.37,0.011329617757756025
M2M,composite_30d,early:plain,0.38,0.008313934153641497
M2M,composite_30d,early:plain,0.39,0.008042628915686606
M2M,composite_30d,early:plain,0.4,0.00768142308469779
M2M,composite_30d,early:plain,0.41000000000000003,0.006208179584956466
M2M,composite_30d,early:plain,0.42000000000000004,0.005666966395516608
M2M,composite_30d,early:plain,0.43,0.0016065026118966402
M2M,composite_30d,early:plain,0.44,0.0017326518236160451
M2M,composite_30d,early:plain,0.45,0.0013231159380340737
M2M,composite_30d,early:plain,0.46,0.001325157783617456
M2M,composite_30d,early:plain,0.47000000000000003,0.001487465244802446
M2M,composite_30d,early:plain,0.48000000000000004,0.003032140691328074
M2M,composite_30d,early:plain,0.49,0.001771721423560333
M2M,composite_30d,early:plain,0.5,0.0
M2M,composite_30d,early:blockstd,0.01,0.12404824472744425
M2M,composite_30d,early:blockstd,0.02,0.11512233759483174
M2M,composite_30d,early:blockstd,0.03,0.10653129356748545
M2M,composite_30d,early:blockstd,0.04,0.09978269658378816
M2M,composite_30d,early:blockstd,0.05,0.09501771408509144
M2M,composite_30d,early:blockstd,0.060000000000000005,0.0918287034050295
M2M,composite_30d,early:blockstd,0.06999999999999999,0.08982309252267587
M2M,composite_30d,early:blockstd,0.08,0.08729928546945448
M2M,composite_30d,early:blockstd,0.09,0.08515317308525314
M2M,composite_30d,early:blockstd,0.09999999999999999,0.08422613031466883
M2M,composite_30d,early:blockstd,0.11,0.08047096980805526
M2M,composite_30d,early:blockstd,0.12,0.07508682948343348
M2M,composite_30d,early:blockstd,0.13,0.06981591072262534
M2M,composite_30d,early:blockstd,0.14,0.06461985417518722
M2M,composite_30d,early:blockstd,0.15000000000000002,0.06235508151107623
M2M,composite_30d,early:blockstd,0.16,0.059660977793179124
M2M,composite_30d,early:blockstd,0.17,0.05916692847801149
M2M,composite_30d,early:blockstd,0.18000000000000002,0.05636823499829903
M2M,composite_30d,early:blockstd,0.19,0.05420419408695131
M2M,composite_30d,early:blockstd,0.2,0.04866585809581565
M2M,composite_30d,early:blockstd,0.21000000000000002,0.04524414489794351
M2M,composite_30d,early:blockstd,0.22,0.042885353982988914
M2M,composite_30d,early:blockstd,0.23,0.040315657659502416
M2M,composite_30d,early:blockstd,0.24000000000000002,0.03609843286202164
M2M,composite_30d,early:blockstd,0.25,0.03355569031736406
M2M,composite_30d,early:blockstd,0.26,0.03317325815809745
M2M,composite_30d,early:blockstd,0.27,0.03183332364155943
M2M,composite_30d,early:blockstd,0.28,0.024863553668890235
M2M,composite_30d,early:blockstd,0.29000000000000004,0.022138897667386977
M2M,composite_30d,early:blockstd,0.3,0.01888590487741488
M2M,composite_30d,early:blockstd,0.31,0.017709459400075577
M2M,composite_30d,early:blockstd,0.32,0.01630221524631684
M2M,composite_30d,early:blockstd,0.33,0.016916629707737843
M2M,composite_30d,early:blockstd,0.34,0.0150136905746366
M2M,composite_30d,early:blockstd,0.35000000000000003,0.012874935858562296
M2M,composite_30d,early:blockstd,0.36000000000000004,0.013038204972710729
M2M,composite_30d,early:blockstd,0.37,0.011936045896021638
M2M,composite_30d,early:blockstd,0.38,0.008822551301864276
M2M,composite_30d,early:blockstd,0.39,0.006392349064012962
M2M,composite_30d,early:blockstd,0.4,0.004042854255104101
M2M,composite_30d,early:blockstd,0.41000000000000003,0.0046252993596529995
M2M,composite_30d,early:blockstd,0.42000000000000004,0.0030739633215532917
M2M,composite_30d,early:blockstd,0.43,0.004500335131339569
M2M,composite_30d,early:blockstd,0.44,0.004504894741401716
M2M,composite_30d,early:blockstd,0.45,0.002370582722311042
M2M,composite_30d,early:blockstd,0.46,0.002043887428969297
M2M,composite_30d,early:blockstd,0.47000000000000003,0.0033181916999439343
M2M,composite_30d,early:blockstd,0.48000000000000004,0.003545272192937445
M2M,composite_30d,early:blockstd,0.49,0.0038526022901580297
M2M,composite_30d,early:blockstd,0.5,0.0036385688295936924
M2M,composite_30d,inter:plain,0.01,0.10718464205426
M2M,composite_30d,inter:plain,0.02,0.10238734669125382
M2M,composite_30d,inter:plain,0.03,0.09661588091501878
M2M,composite_30d,inter:plain,0.04,0.08959975742874468
M2M,composite_30d,inter:plain,0.05,0.0864958028789378
M2M,composite_30d,inter:plain,0.060000000000000005,0.08199682592931887
M2M,composite_30d,inter:plain,0.06999999999999999,0.07908344581597188
M2M,composite_30d,inter:plain,0.08,0.07432699659872913
M2M,composite_30d,inter:plain,0.09,0.07067886631258372
M2M,composite_30d,inter:plain,0.09999999999999999,0.06886328414527323
M2M,composite_30d,inter:plain,0.11,0.06582811509869789
M2M,composite_30d,inter:plain,0.12,0.061635150780087106
M2M,composite_30d,inter:plain,0.13,0.0586213866990095
M2M,composite_30d,inter:plain,0.14,0.05555163806112231
M2M,composite_30d,inter:plain,0.15000000000000002,0.05343702065422894
M2M,composite_30d,inter:plain,0.16,0.051430881631002914
M2M,composite_30d,inter:plain,0.17,0.04979286460578517
M2M,composite_30d,inter:plain,0.18000000000000002,0.04733097664512121
M2M,composite_30d,inter:plain,0.19,0.0453473485614177
M2M,composite_30d,inter:plain,0.2,0.04381443298969072
M2M,composite_30d,inter:plain,0.21000000000000002,0.042657229928380065
M2M,composite_30d,inter:plain,0.22,0.04039744367215562
M2M,composite_30d,inter:plain,0.23,0.039362699156513595
M2M,composite_30d,inter:plain,0.24000000000000002,0.03747087549072803
M2M,composite_30d,inter:plain,0.25,0.03598140287042652
M2M,composite_30d,inter:plain,0.26,0.032288200875223314
M2M,composite_30d,inter:plain,0.27,0.030030653696304102
M2M,composite_30d,inter:plain,0.28,0.02671652853581294
M2M,composite_30d,inter:plain,0.29000000000000004,0.024479197806609204
M2M,composite_30d,inter:plain,0.3,0.022351208524646962
M2M,composite_30d,inter:plain,0.31,0.018649862455067195
M2M,composite_30d,inter:plain,0.32,0.013769485962972214
M2M,composite_30d,inter:plain,0.33,0.009440366391209487
M2M,composite_30d,inter:plain,0.34,0.006560449859418921
M2M,composite_30d,inter:plain,0.35000000000000003,0.0029854923729999427
M2M,composite_30d,inter:plain,0.36000000000000004,-1.3877787807814457e-17
M2M,composite_30d,inter:plain,0.37,-0.0037348272642390296
M2M,composite_30d,inter:plain,0.38,-0.00682720710499031
M2M,composite_30d,inter:plain,0.39,-0.009354899641113842
M2M,composite_30d,inter:plain,0.4,-0.012128562765312309
M2M,composite_30d,inter:plain,0.41000000000000003,-0.015941865126270688
M2M,composite_30d,inter:plain,0.42000000000000004,-0.019468434369837542
M2M,composite_30d,inter:plain,0.43,-0.021746300256402062
M2M,composite_30d,inter:plain,0.44,-0.026812786970458274
M2M,composite_30d,inter:plain,0.45,-0.030156017421026513
M2M,composite_30d,inter:plain,0.46,-0.03308402398760192
M2M,composite_30d,inter:plain,0.47000000000000003,-0.03775873313729304
M2M,composite_30d,inter:plain,0.48000000000000004,-0.040863926855436855
M2M,composite_30d,inter:plain,0.49,-0.04348446473798735
M2M,composite_30d,inter:plain,0.5,-0.04548211036992117
M2M,composite_30d,late:mean,0.01,0.12404824472744425
M2M,composite_30d,late:mean,0.02,0.11512233759483174
M2M,composite_30d,late:mean,0.03,0.10600613930342037
M2M,composite_30d,late:mean,0.04,0.09675055589246007
M2M,composite_30d,late:mean,0.05,0.08738948645111869
M2M,composite_30d,late:mean,0.060000000000000005,0.07795827258299678
M2M,composite_30d,late:mean,0.06999999999999999,0.06831119544592032
M2M,composite_30d,late:mean,0.08,0.05845439924064651
M2M,composite_30d,late:mean,0.09,0.048720836470988085
M2M,composite_30d,late:mean,0.09999999999999999,0.03874401994474766
M2M,composite_30d,late:mean,0.11,0.028774674470738143
M2M,composite_30d,late:mean,0.12,0.018937096863112637
M2M,composite_30d,late:mean,0.13,0.008936101991454226
M2M,composite_30d,late:mean,0.14,-0.0007615609178219518
M2M,composite_30d,late:mean,0.15000000000000002,-0.010594656297934602
M2M,composite_30d,late:mean,0.16,-0.020358658927488532
M2M,composite_30d,late:mean,0.17,-0.030153360561713194
M2M,composite_30d,late:mean,0.18000000000000002,-0.03918117410403943
M2M,composite_30d,late:mean,0.19,-0.04898591739101138
M2M,composite_30d,late:mean,0.2,-0.05821710127349908
M2M,composite_30d,late:mean,0.21000000000000002,-0.06849567440182391
M2M,composite_30d,late:mean,0.22,-0.07749840618245712
M2M,composite_30d,late:mean,0.23,-0.0858922763107117
M2M,composite_30d,late:mean,0.24000000000000002,-0.09361335418595004
M2M,composite_30d,late:mean,0.25,-0.10228421265413379
M2M,composite_30d,late:mean,0.26,-0.11066494025863341
M2M,composite_30d,late:mean,0.27,-0.11932512024722333
M2M,composite_30d,late:mean,0.28,-0.12677717134963953
M2M,composite_30d,late:mean,0.29000000000000004,-0.13589115041980207
M2M,composite_30d,late:mean,0.3,-0.1433769384042277
M2M,composite_30d,late:mean,0.31,-0.14894402404619403
M2M,composite_30d,late:mean,0.32,-0.1567438376199479
M2M,composite_30d,late:mean,0.33,-0.16354552284061805
M2M,composite_30d,late:mean,0.34,-0.17257474686219387
M2M,composite_30d,late:mean,0.35000000000000003,-0.177916686103466
M2M,composite_30d,late:mean,0.36000000000000004,-0.18693147362037604
M2M,composite_30d,late:mean,0.37,-0.18895530720879417
M2M,composite_30d,late:mean,0.38,-0.1950938007394511
M2M,composite_30d,late:mean,0.39,-0.20274582707850758
M2M,composite_30d,late:mean,0.4,-0.20578128158479891
M2M,composite_30d,late:mean,0.41000000000000003,-0.20939244123300205
M2M,composite_30d,late:mean,0.42000000000000004,-0.21344179335438412
M2M,composite_30d,late:mean,0.43,-0.2161863117466194
M2M,composite_30d,late:mean,0.44,-0.21402581651217184
M2M,composite_30d,late:mean,0.45,-0.22107062131319255
M2M,composite_30d,late:mean,0.46,-0.2228511106619051
M2M,composite_30d,late:mean,0.47000000000000003,-0.2267926816709956
M2M,composite_30d,late:mean,0.48000000000000004,-0.23160890049913704
M2M,composite_30d,late:mean,0.49,-0.2366734443929178
M2M,composite_30d,late:mean,0.5,-0.24075197089144937
M2M,composite_30d,late:wsrc,0.01,0.12404824472744425
M2M,composite_30d,late:wsrc,0.02,0.11512233759483174
M2M,composite_30d,late:wsrc,0.03,0.10602489481285127
M2M,composite_30d,late:wsrc,0.04,0.09682635940974327
M2M,composite_30d,late:wsrc,0.05,0.08751715553285883
M2M,composite_30d,late:wsrc,0.060000000000000005,0.07815181347818793
M2M,composite_30d,late:wsrc,0.06999999999999999,0.06867635647541359
M2M,composite_30d,late:wsrc,0.08,0.05898172805652965
M2M,composite_30d,late:wsrc,0.09,0.04920064774522022
M2M,composite_30d,late:wsrc,0.09999999999999999,0.03982211441277542
M2M,composite_30d,late:wsrc,0.11,0.03027371031813629
M2M,composite_30d,late:wsrc,0.12,0.02075638127790949
M2M,composite_30d,late:wsrc,0.13,0.011292110160808
M2M,composite_30d,late:wsrc,0.14,0.0017064605751195006
M2M,composite_30d,late:wsrc,0.15000000000000002,-0.008240288231726928
M2M,composite_30d,late:wsrc,0.16,-0.01758641600970287
M2M,composite_30d,late:wsrc,0.17,-0.026427115374779903
M2M,composite_30d,late:wsrc,0.18000000000000002,-0.03625256992412257
M2M,composite_30d,late:wsrc,0.19,-0.04514520584866247
M2M,composite_30d,late:wsrc,0.2,-0.05518496058217101
M2M,composite_30d,late:wsrc,0.21000000000000002,-0.06462681640580026
M2M,composite_30d,late:wsrc,0.22,-0.07211830013528012
M2M,composite_30d,late:wsrc,0.23,-0.07974136233687476
M2M,composite_30d,late:wsrc,0.24000000000000002,-0.08831508729373466
M2M,composite_30d,late:wsrc,0.25,-0.0939963614311704
M2M,composite_30d,late:wsrc,0.26,-0.10271581466244897
M2M,composite_30d,late:wsrc,0.27,-0.10894107678377102
M2M,composite_30d,late:wsrc,0.28,-0.1158277744087326
M2M,composite_30d,late:wsrc,0.29000000000000004,-0.12474483041365234
M2M,composite_30d,late:wsrc,0.3,-0.13055531490946895
M2M,composite_30d,late:wsrc,0.31,-0.1349873880524868
M2M,composite_30d,late:wsrc,0.32,-0.13958548853137373
M2M,composite_30d,late:wsrc,0.33,-0.14530742286143575
M2M,composite_30d,late:wsrc,0.34,-0.15046768473087455
M2M,composite_30d,late:wsrc,0.35000000000000003,-0.15403274711946638
M2M,composite_30d,late:wsrc,0.36000000000000004,-0.1612719830200122
M2M,composite_30d,late:wsrc,0.37,-0.16690249983154773
M2M,composite_30d,late:wsrc,0.38,-0.17523816976075432
M2M,composite_30d,late:wsrc,0.39,-0.18294246885842388
M2M,composite_30d,late:wsrc,0.4,-0.1896098645643825
M2M,composite_30d,late:wsrc,0.41000000000000003,-0.19442702819376922
M2M,composite_30d,late:wsrc,0.42000000000000004,-0.20139687584952226
M2M,composite_30d,late:wsrc,0.43,-0.21239879565499553
M2M,composite_30d,late:wsrc,0.44,-0.22052326085073204
M2M,composite_30d,late:wsrc,0.45,-0.22669386404983732
M2M,composite_30d,late:wsrc,0.46,-0.23670911663634525
M2M,composite_30d,late:wsrc,0.47000000000000003,-0.2390242227994096
M2M,composite_30d,late:wsrc,0.48000000000000004,-0.24313103512618367
M2M,composite_30d,late:wsrc,0.49,-0.24752969714265327
M2M,composite_30d,late:wsrc,0.5,-0.25227410551849605
M2M,composite_30d,treat_all,0.01,0.12404824472744425
M2M,composite_30d,treat_none,0.01,0.0
M2M,composite_30d,treat_all,0.02,0.11510996151037735
M2M,composite_30d,treat_none,0.02,0.0
M2M,composite_30d,treat_all,0.03,0.10598738379398948
M2M,composite_30d,treat_none,0.03,0.0
M2M,composite_30d,treat_all,0.04,0.09667475237517686
M2M,composite_30d,treat_none,0.04,0.0
M2M,composite_30d,treat_all,0.05,0.08716606555807346
M2M,composite_30d,treat_none,0.05,0.0
M2M,composite_30d,treat_all,0.060000000000000005,0.07745506625549978
M2M,composite_30d,treat_none,0.060000000000000005,0.0
M2M,composite_30d,treat_all,0.06999999999999999,0.06753522825824711
M2M,composite_30d,treat_none,0.06999999999999999,0.0
M2M,composite_30d,treat_all,0.08,0.057399741608880214
M2M,composite_30d,treat_none,0.08,0.0
M2M,composite_30d,treat_all,0.09,0.047041497011175604
M2M,composite_30d,treat_none,0.09,0.0
M2M,composite_30d,treat_all,0.09999999999999999,0.03645306920018866
M2M,composite_30d,treat_none,0.09999999999999999,0.0
M2M,composite_30d,treat_all,0.11,0.025626699191202015
M2M,composite_30d,treat_none,0.11,0.0
M2M,composite_30d,treat_all,0.12,0.014554275318374776
M2M,composite_30d,treat_none,0.12,0.0
M2M,composite_30d,treat_all,0.13,0.003227312965712409
M2M,composite_30d,treat_none,0.13,0.0
M2M,composite_30d,treat_all,0.14,-0.008363067116081646
M2M,composite_30d,treat_none,0.14,0.0
M2M,composite_30d,treat_all,0.15000000000000002,-0.02022616202332969
M2M,composite_30d,treat_none,0.15000000000000002,0.0
M2M,composite_30d,treat_all,0.16,-0.03237171157122645
M2M,composite_30d,treat_none,0.16,0.0
M2M,composite_30d,treat_all,0.17,-0.044809924963650855
M2M,composite_30d,treat_none,0.17,0.0
M2M,composite_30d,treat_all,0.18000000000000002,-0.057551509414427104
M2M,composite_30d,treat_none,0.18000000000000002,0.0
M2M,composite_30d,treat_all,0.19,-0.07060770088867926
M2M,composite_30d,treat_none,0.19,0.0
M2M,composite_30d,treat_all,0.2,-0.08399029714978776
M2M,composite_30d,treat_none,0.2,0.0
M2M,composite_30d,treat_all,0.21000000000000002,-0.0977116933162408
M2M,composite_30d,treat_none,0.21000000000000002,0.0
M2M,composite_30d,treat_all,0.22,-0.11178492015362848
M2M,composite_30d,treat_none,0.22,0.0
M2M,composite_30d,treat_all,0.23,-0.12622368535042885
M2M,composite_30d,treat_none,0.23,0.0
M2M,composite_30d,treat_all,0.24000000000000002,-0.14104241805240822
M2M,composite_30d,treat_none,0.24000000000000002,0.0
M2M,composite_30d,treat_all,0.25,-0.15625631695977357
M2M,composite_30d,treat_none,0.25,0.0
M2M,composite_30d,treat_all,0.26,-0.1718814023240949
M2M,composite_30d,treat_none,0.26,0.0
M2M,composite_30d,treat_all,0.27,-0.18793457221894552
M2M,composite_30d,treat_none,0.27,0.0
M2M,composite_30d,treat_all,0.28,-0.20443366349976425
M2M,composite_30d,treat_none,0.28,0.0
M2M,composite_30d,treat_all,0.29000000000000004,-0.2213975179152539
M2M,composite_30d,treat_none,0.29000000000000004,0.0
M2M,composite_30d,treat_all,0.3,-0.23884605388547173
M2M,composite_30d,treat_none,0.3,0.0
M2M,composite_30d,treat_all,0.31,-0.25680034452149314
M2M,composite_30d,treat_none,0.31,0.0
M2M,composite_30d,treat_all,0.32,-0.2752827025291621
M2M,composite_30d,treat_none,0.32,0.0
M2M,composite_30d,treat_all,0.33,-0.2943167727161645
M2M,composite_30d,treat_none,0.33,0.0
M2M,composite_30d,treat_all,0.34,-0.31392763290883374
M2M,composite_30d,treat_none,0.34,0.0
M2M,composite_30d,treat_all,0.35000000000000003,-0.3341419041843542
M2M,composite_30d,treat_none,0.35000000000000003,0.0
M2M,composite_30d,treat_all,0.36000000000000004,-0.35498787143723476
M2M,composite_30d,treat_none,0.36000000000000004,0.0
M2M,composite_30d,treat_all,0.37,-0.376495615428302
M2M,composite_30d,treat_none,0.37,0.0
M2M,composite_30d,treat_all,0.38,-0.39869715761262936
M2M,composite_30d,treat_none,0.38,0.0
M2M,composite_30d,treat_all,0.39,-0.4216266192128365
M2M,composite_30d,treat_none,0.39,0.0
M2M,composite_30d,treat_all,0.4,-0.4453203961997171
M2M,composite_30d,treat_none,0.4,0.0
M2M,composite_30d,treat_all,0.41000000000000003,-0.46981735206750885
M2M,composite_30d,treat_none,0.41000000000000003,0.0
M2M,composite_30d,treat_all,0.42000000000000004,-0.4951590305514315
M2M,composite_30d,treat_none,0.42000000000000004,0.0
M2M,composite_30d,treat_all,0.43,-0.5213898907365442
M2M,composite_30d,treat_none,0.43,0.0
M2M,composite_30d,treat_all,0.44,-0.5485575673568397
M2M,composite_30d,treat_none,0.44,0.0
M2M,composite_30d,treat_all,0.45,-0.5767131594906003
M2M,composite_30d,treat_none,0.45,0.0
M2M,composite_30d,treat_all,0.46,-0.605911551333019
M2M,composite_30d,treat_none,0.46,0.0
M2M,composite_30d,treat_all,0.47000000000000003,-0.6362117692826985
M2M,composite_30d,treat_none,0.47000000000000003,0.0
M2M,composite_30d,treat_all,0.48000000000000004,-0.6676773802304428
M2M,composite_30d,treat_none,0.48000000000000004,0.0
M2M,composite_30d,treat_all,0.49,-0.7003769367055493
M2M,composite_30d,treat_none,0.49,0.0
M2M,composite_30d,treat_all,0.5,-0.7343844754396605
M2M,composite_30d,treat_none,0.5,0.0
M2M,cv_first,uni:ehr_only,0.01,0.04096073617985968
M2M,cv_first,uni:ehr_only,0.02,0.030788410981922646
M2M,cv_first,uni:ehr_only,0.03,0.02129625826590545
M2M,cv_first,uni:ehr_only,0.04,0.011813855688357675
M2M,cv_first,uni:ehr_only,0.05,0.001642552596631014
M2M,cv_first,uni:ehr_only,0.060000000000000005,-0.00782684863383347
M2M,cv_first,uni:ehr_only,0.06999999999999999,-0.01728569592597351
M2M,cv_first,uni:ehr_only,0.08,-0.02673364512962642
M2M,cv_first,uni:ehr_only,0.09,-0.03617033696714972
M2M,cv_first,uni:ehr_only,0.09999999999999999,-0.04559539619300576
M2M,cv_first,uni:ehr_only,0.11,-0.0550084306966889
M2M,cv_first,uni:ehr_only,0.12,-0.06440903054448871
M2M,cv_first,uni:ehr_only,0.13,-0.07379676695516785
M2M,cv_first,uni:ehr_only,0.14,-0.08317119120417556
M2M,cv_first,uni:ehr_only,0.15000000000000002,-0.0925318334505117
M2M,cv_first,uni:ehr_only,0.16,-0.10266869031809271
M2M,cv_first,uni:ehr_only,0.17,-0.11200979215667452
M2M,cv_first,uni:ehr_only,0.18000000000000002,-0.12133579503125709
M2M,cv_first,uni:ehr_only,0.19,-0.13146590592363055
M2M,cv_first,uni:ehr_only,0.2,-0.14077025232403717
M2M,cv_first,uni:ehr_only,0.21000000000000002,-0.14988148671138235
M2M,cv_first,uni:ehr_only,0.22,-0.15914121292607347
M2M,cv_first,uni:ehr_only,0.23,-0.1683827460719891
M2M,cv_first,uni:ehr_only,0.24000000000000002,-0.17847906619137488
M2M,cv_first,uni:ehr_only,0.25,-0.18791500664010624
M2M,cv_first,uni:ehr_only,0.26,-0.1968881231829439
M2M,cv_first,uni:ehr_only,0.27,-0.2060615983554367
M2M,cv_first,uni:ehr_only,0.28,-0.2152132211893168
M2M,cv_first,uni:ehr_only,0.29000000000000004,-0.22434206834633297
M2M,cv_first,uni:ehr_only,0.3,-0.23344716372604818
M2M,cv_first,uni:ehr_only,0.31,-0.24252747464249286
M2M,cv_first,uni:ehr_only,0.32,-0.25158190766346383
M2M,cv_first,uni:ehr_only,0.33,-0.2606093040772235
M2M,cv_first,uni:ehr_only,0.34,-0.26926636886796257
M2M,cv_first,uni:ehr_only,0.35000000000000003,-0.27822045152722447
M2M,cv_first,uni:ehr_only,0.36000000000000004,-0.2871430942895087
M2M,cv_first,uni:ehr_only,0.37,-0.2960328000168638
M2M,cv_first,uni:ehr_only,0.38,-0.30488797498179326
M2M,cv_first,uni:ehr_only,0.39,-0.3137069209500795
M2M,cv_first,uni:ehr_only,0.4,-0.32359451084550683
M2M,cv_first,uni:ehr_only,0.41000000000000003,-0.3318927679114052
M2M,cv_first,uni:ehr_only,0.42000000000000004,-0.34059165636305355
M2M,cv_first,uni:ehr_only,0.43,-0.3504112206146175
M2M,cv_first,uni:ehr_only,0.44,-0.36022576361221775
M2M,cv_first,uni:ehr_only,0.45,-0.36882771942532894
M2M,cv_first,uni:ehr_only,0.46,-0.37737937140327577
M2M,cv_first,uni:ehr_only,0.47000000000000003,-0.3858778721591621
M2M,cv_first,uni:ehr_only,0.48000000000000004,-0.39432015527633063
M2M,cv_first,uni:ehr_only,0.49,-0.40270291383485657
M2M,cv_first,uni:ehr_only,0.5,-0.4123505976095617
M2M,cv_first,early:plain,0.01,0.03986075898426496
M2M,cv_first,early:plain,0.02,0.033146326259587494
M2M,cv_first,early:plain,0.03,0.02715598088744678
M2M,cv_first,early:plain,0.04,0.021940017706949977
M2M,cv_first,early:plain,0.05,0.020269798000978542
M2M,cv_first,early:plain,0.060000000000000005,0.01600689440818287
M2M,cv_first,early:plain,0.06999999999999999,0.01493666909423239
M2M,cv_first,early:plain,0.08,0.011605750909405856
M2M,cv_first,early:plain,0.09,0.010813887307911215
M2M,cv_first,early:plain,0.09999999999999999,0.009665043529585362
M2M,cv_first,early:plain,0.11,0.007848754793559844
M2M,cv_first,early:plain,0.12,0.007183387661475313
M2M,cv_first,early:plain,0.13,0.004892308161988062
M2M,cv_first,early:plain,0.14,0.004385558541029677
M2M,cv_first,early:plain,0.15000000000000002,0.0027341613936411185
M2M,cv_first,early:plain,0.16,0.002497944729020426
M2M,cv_first,early:plain,0.17,0.0019600313605017666
M2M,cv_first,early:plain,0.18000000000000002,0.0012632397240307045
M2M,cv_first,early:plain,0.19,-0.00015575557850900854
M2M,cv_first,early:plain,0.2,-0.0024900398406374515
M2M,cv_first,early:plain,0.21000000000000002,-0.002614016507808431
M2M,cv_first,early:plain,0.22,-0.004477815234787347
M2M,cv_first,early:plain,0.23,-0.005588037460547421
M2M,cv_first,early:plain,0.24000000000000002,-0.005067449500244638
M2M,cv_first,early:plain,0.25,-0.005090748118636566
M2M,cv_first,early:plain,0.26,-0.005060837730160442
M2M,cv_first,early:plain,0.27,-0.005393949316887701
M2M,cv_first,early:plain,0.28,-0.00549653238896267
M2M,cv_first,early:plain,0.29000000000000004,-0.005835811682846082
M2M,cv_first,early:plain,0.3,-0.0055966609751470315
M2M,cv_first,early:plain,0.31,-0.0072175067844563795
M2M,cv_first,early:plain,0.32,-0.007186938520428094
M2M,cv_first,early:plain,0.33,-0.008770886602842365
M2M,cv_first,early:plain,0.34,-0.0079882490241056
M2M,cv_first,early:plain,0.35000000000000003,-0.00950045969966289
M2M,cv_first,early:plain,0.36000000000000004,-0.008175630810092965
M2M,cv_first,early:plain,0.37,-0.007483294335883978
M2M,cv_first,early:plain,0.38,-0.00751831384140856
M2M,cv_first,early:plain,0.39,-0.006683647921973309
M2M,cv_first,early:plain,0.4,-0.007082779991146527
M2M,cv_first,early:plain,0.41000000000000003,-0.007495441960969681
M2M,cv_first,early:plain,0.42000000000000004,-0.0074414983743188185
M2M,cv_first,early:plain,0.43,-0.005859602525570233
M2M,cv_first,early:plain,0.44,-0.006877252893189148
M2M,cv_first,early:plain,0.45,-0.007243752263672583
M2M,cv_first,early:plain,0.46,-0.006492548325217649
M2M,cv_first,early:plain,0.47000000000000003,-0.006251722669072139
M2M,cv_first,early:plain,0.48000000000000004,-0.00597609561752988
M2M,cv_first,early:plain,0.49,-0.00566362002968518
M2M,cv_first,early:plain,0.5,-0.00597609561752988
M2M,cv_first,early:blockstd,0.01,0.040873542865574736
M2M,cv_first,early:blockstd,0.02,0.031127191912621616
M2M,cv_first,early:blockstd,0.03,0.02484905737873249
M2M,cv_first,early:blockstd,0.04,0.023323373173970784
M2M,cv_first,early:blockstd,0.05,0.023240371845949535
M2M,cv_first,early:blockstd,0.060000000000000005,0.017546833940832417
M2M,cv_first,early:blockstd,0.06999999999999999,0.015436462037156035
M2M,cv_first,early:blockstd,0.08,0.01304925226629713
M2M,cv_first,early:blockstd,0.09,0.009836113421770792
M2M,cv_first,early:blockstd,0.09999999999999999,0.006713885199940976
M2M,cv_first,early:blockstd,0.11,0.0036259456555799274
M2M,cv_first,early:blockstd,0.12,0.001901484969214053
M2M,cv_first,early:blockstd,0.13,0.001839385752011112
M2M,cv_first,early:blockstd,0.14,-0.0008184316995583558
M2M,cv_first,early:blockstd,0.15000000000000002,-0.0005468322787282247
M2M,cv_first,early:blockstd,0.16,6.3239107063808e-05
M2M,cv_first,early:blockstd,0.17,0.000512008192131074
M2M,cv_first,early:blockstd,0.18000000000000002,-0.000583033718783403
M2M,cv_first,early:blockstd,0.19,-0.00046726673552702767
M2M,cv_first,early:blockstd,0.2,-0.00049800796812749
M2M,cv_first,early:blockstd,0.21000000000000002,-0.0005295274597811287
M2M,cv_first,early:blockstd,0.22,-0.0005618551435284503
M2M,cv_first,early:blockstd,0.23,-0.0003966816715820699
M2M,cv_first,early:blockstd,0.24000000000000002,-0.0004193751310547285
M2M,cv_first,early:blockstd,0.25,-0.00044267374944665776
M2M,cv_first,early:blockstd,0.26,-0.0004666020602275582
M2M,cv_first,early:blockstd,0.27,-0.0004911859411668396
M2M,cv_first,early:blockstd,0.28,-0.00025822635384388374
M2M,cv_first,early:blockstd,0.29000000000000004,-0.0002712156070553467
M2M,cv_first,early:blockstd,0.3,-0.0002845759817871372
M2M,cv_first,early:blockstd,0.31,-0.0002983236137575303
M2M,cv_first,early:blockstd,0.32,-0.00031247558784469967
M2M,cv_first,early:blockstd,0.33,-0.0003270500089195457
M2M,cv_first,early:blockstd,0.34,-0.000342066079117872
M2M,cv_first,early:blockstd,0.35000000000000003,-0.0003575441822453775
M2M,cv_first,early:blockstd,0.36000000000000004,-0.0003735059760956176
M2M,cv_first,early:blockstd,0.37,-0.00038997449356015094
M2M,cv_first,early:blockstd,0.38,-0.0004069742535235402
M2M,cv_first,early:blockstd,0.39,-0.00042453138266605706
M2M,cv_first,early:blockstd,0.4,-0.0004426737494466578
M2M,cv_first,early:blockstd,0.41000000000000003,-0.0004614311117113467
M2M,cv_first,early:blockstd,0.42000000000000004,-0.00048083527957136973
M2M,cv_first,early:blockstd,0.43,-0.0005009202954264811
M2M,cv_first,early:blockstd,0.44,-0.0005217226332764181
M2M,cv_first,early:blockstd,0.45,-0.0005432814197754436
M2M,cv_first,early:blockstd,0.46,-0.0005656386798485072
M2M,cv_first,early:blockstd,0.47000000000000003,-0.0005888396101130071
M2M,cv_first,early:blockstd,0.48000000000000004,-0.0006129328838492185
M2M,cv_first,early:blockstd,0.49,-0.0006379709918495949
M2M,cv_first,early:blockstd,0.5,-0.0006640106241699867
M2M,cv_first,inter:plain,0.01,0.015540531476786456
M2M,cv_first,inter:plain,0.02,0.01283302165487709
M2M,cv_first,inter:plain,0.03,0.01208225517175285
M2M,cv_first,inter:plain,0.04,0.011371181938911021
M2M,cv_first,inter:plain,0.05,0.009995107290137695
M2M,cv_first,inter:plain,0.060000000000000005,0.008123534231866857
M2M,cv_first,inter:plain,0.06999999999999999,0.00751831384140856
M2M,cv_first,inter:plain,0.08,0.006178185807494659
M2M,cv_first,inter:plain,0.09,0.0055163959546429666
M2M,cv_first,inter:plain,0.09999999999999999,0.005016969160395455
M2M,cv_first,inter:plain,0.11,0.004401868182699912
M2M,cv_first,inter:plain,0.12,0.003802969938428106
M2M,cv_first,inter:plain,0.13,0.0032208331425256816
M2M,cv_first,inter:plain,0.14,0.00199203187250996
M2M,cv_first,inter:plain,0.15000000000000002,0.0013280212483399723
M2M,cv_first,inter:plain,0.16,0.00012647821412761426
M2M,cv_first,inter:plain,0.17,-0.0011920190723051574
M2M,cv_first,inter:plain,0.18000000000000002,-0.002656042496679948
M2M,cv_first,inter:plain,0.19,-0.0033200531208499324
M2M,cv_first,inter:plain,0.2,-0.004150066401062417
M2M,cv_first,inter:plain,0.21000000000000002,-0.005001092675710661
M2M,cv_first,inter:plain,0.22,-0.005686655089045527
M2M,cv_first,inter:plain,0.23,-0.006571118124902986
M2M,cv_first,inter:plain,0.24000000000000002,-0.007478856503809325
M2M,cv_first,inter:plain,0.25,-0.00818946436476317
M2M,cv_first,inter:plain,0.26,-0.009134632640608738
M2M,cv_first,inter:plain,0.27,-0.010105695937710346
M2M,cv_first,inter:plain,0.28,-0.010845506861443121
M2M,cv_first,inter:plain,0.29000000000000004,-0.011316237397826537
M2M,cv_first,inter:plain,0.3,-0.012047049895655472
M2M,cv_first,inter:plain,0.31,-0.012779798679677426
M2M,cv_first,inter:plain,0.32,-0.01382704476212796
M2M,cv_first,inter:plain,0.33,-0.014578501912747026
M2M,cv_first,inter:plain,0.34,-0.014648476799871227
M2M,cv_first,inter:plain,0.35000000000000003,-0.015731944018796615
M2M,cv_first,inter:plain,0.36000000000000004,-0.01684926958831342
M2M,cv_first,inter:plain,0.37,-0.017612091317270602
M2M,cv_first,inter:plain,0.38,-0.01837810050122092
M2M,cv_first,inter:plain,0.39,-0.01957198528291207
M2M,cv_first,inter:plain,0.4,-0.019920318725099605
M2M,cv_first,inter:plain,0.41000000000000003,-0.020696873522857727
M2M,cv_first,inter:plain,0.42000000000000004,-0.021958144433759222
M2M,cv_first,inter:plain,0.43,-0.02326367046434146
M2M,cv_first,inter:plain,0.44,-0.024094099791310948
M2M,cv_first,inter:plain,0.45,-0.02384401786792225
M2M,cv_first,inter:plain,0.46,-0.025207810732379127
M2M,cv_first,inter:plain,0.47000000000000003,-0.026034227868400615
M2M,cv_first,inter:plain,0.48000000000000004,-0.0274798242925733
M2M,cv_first,inter:plain,0.49,-0.02898211077259589
M2M,cv_first,inter:plain,0.5,-0.029880478087649404
M2M,cv_first,late:mean,0.01,0.040873542865574736
M2M,cv_first,late:mean,0.02,0.03108653820093774
M2M,cv_first,late:mean,0.03,0.021097739625689674
M2M,cv_first,late:mean,0.04,0.010983842408145185
M2M,cv_first,late:mean,0.05,0.0005941147689941875
M2M,cv_first,late:mean,0.060000000000000005,-0.009889519934446624
M2M,cv_first,late:mean,0.06999999999999999,-0.020355852575361627
M2M,cv_first,late:mean,0.08,-0.03123736936312721
M2M,cv_first,late:mean,0.09,-0.04213183894458794
M2M,cv_first,late:mean,0.09999999999999999,-0.05326840785008115
M2M,cv_first,late:mean,0.11,-0.06426727546741871
M2M,cv_first,late:mean,0.12,-0.0753953881443921
M2M,cv_first,late:mean,0.13,-0.08685564256384425
M2M,cv_first,late:mean,0.14,-0.09794928811884247
M2M,cv_first,late:mean,0.15000000000000002,-0.10924927740020314
M2M,cv_first,late:mean,0.16,-0.12040725984949095
M2M,cv_first,late:mean,0.17,-0.13109809756956115
M2M,cv_first,late:mean,0.18000000000000002,-0.14281087033977913
M2M,cv_first,late:mean,0.19,-0.15404226714541014
M2M,cv_first,late:mean,0.2,-0.16517264276228422
M2M,cv_first,late:mean,0.21000000000000002,-0.1759544102072722
M2M,cv_first,late:mean,0.22,-0.18655293356488578
M2M,cv_first,late:mean,0.23,-0.19792690709025373
M2M,cv_first,late:mean,0.24000000000000002,-0.20916334661354585
M2M,cv_first,late:mean,0.25,-0.2202301903497122
M2M,cv_first,late:mean,0.26,-0.228993934173217
M2M,cv_first,late:mean,0.27,-0.23975331550510287
M2M,cv_first,late:mean,0.28,-0.25154935812306334
M2M,cv_first,late:mean,0.29000000000000004,-0.26291079812206575
M2M,cv_first,late:mean,0.3,-0.2703471826977803
M2M,cv_first,late:mean,0.31,-0.2802124833997344
M2M,cv_first,late:mean,0.32,-0.2905241777986095
M2M,cv_first,late:mean,0.33,-0.3004796733464154
M2M,cv_first,late:mean,0.34,-0.3076381343313615
M2M,cv_first,late:mean,0.35000000000000003,-0.31663091224844214
M2M,cv_first,late:mean,0.36000000000000004,-0.326527224435591
M2M,cv_first,late:mean,0.37,-0.33370222812453887
M2M,cv_first,late:mean,0.38,-0.3414085593111425
M2M,cv_first,late:mean,0.39,-0.3487035464698583
M2M,cv_first,late:mean,0.4,-0.3559096945551129
M2M,cv_first,late:mean,0.41000000000000003,-0.36465437684291085
M2M,cv_first,late:mean,0.42000000000000004,-0.3728076200943354
M2M,cv_first,late:mean,0.43,-0.3826332098506558
M2M,cv_first,late:mean,0.44,-0.38631189527603865
M2M,cv_first,late:mean,0.45,-0.38850657974163944
M2M,cv_first,late:mean,0.46,-0.3946436476316954
M2M,cv_first,late:mean,0.47000000000000003,-0.39611365857325415
M2M,cv_first,late:mean,0.48000000000000004,-0.4038206149759935
M2M,cv_first,late:mean,0.49,-0.39905736531000174
M2M,cv_first,late:mean,0.5,-0.40172642762284194
M2M,cv_first,late:wsrc,0.01,0.040873542865574736
M2M,cv_first,late:wsrc,0.02,0.03108653820093774
M2M,cv_first,late:wsrc,0.03,0.021097739625689674
M2M,cv_first,late:wsrc,0.04,0.010983842408145185
M2M,cv_first,late:wsrc,0.05,0.0006640106241699792
M2M,cv_first,late:wsrc,0.060000000000000005,-0.00976236896386088
M2M,cv_first,late:wsrc,0.06999999999999999,-0.020305873281069267
M2M,cv_first,late:wsrc,0.08,-0.031064149200300248
M2M,cv_first,late:wsrc,0.09,-0.042000496183763114
M2M,cv_first,late:wsrc,0.09999999999999999,-0.052973292017116716
M2M,cv_first,late:wsrc,0.11,-0.06369279436560872
M2M,cv_first,late:wsrc,0.12,-0.07494265362791257
M2M,cv_first,late:wsrc,0.13,-0.08586344278060175
M2M,cv_first,late:wsrc,0.14,-0.09753235121529387
M2M,cv_first,late:wsrc,0.15000000000000002,-0.10885868291539726
M2M,cv_first,late:wsrc,0.16,-0.11892114083349144
M2M,cv_first,late:wsrc,0.17,-0.13013008208131333
M2M,cv_first,late:wsrc,0.18000000000000002,-0.14070547079972795
M2M,cv_first,late:wsrc,0.19,-0.15190267735641794
M2M,cv_first,late:wsrc,0.2,-0.1616865869853918
M2M,cv_first,late:wsrc,0.21000000000000002,-0.17224771798880434
M2M,cv_first,late:wsrc,0.22,-0.1831818027037151
M2M,cv_first,late:wsrc,0.23,-0.19415843121022403
M2M,cv_first,late:wsrc,0.24000000000000002,-0.20605298105822323
M2M,cv_first,late:wsrc,0.25,-0.21735281097830894
M2M,cv_first,late:wsrc,0.26,-0.22732493449624924
M2M,cv_first,late:wsrc,0.27,-0.23722461751168844
M2M,cv_first,late:wsrc,0.28,-0.2449830308396046
M2M,cv_first,late:wsrc,0.29000000000000004,-0.25516712492752003
M2M,cv_first,late:wsrc,0.3,-0.26560424966799473
M2M,cv_first,late:wsrc,0.31,-0.27454433473834133
M2M,cv_first,late:wsrc,0.32,-0.28146238575111326
M2M,cv_first,late:wsrc,0.33,-0.2903411230699095
M2M,cv_first,late:wsrc,0.34,-0.2997706145116504
M2M,cv_first,late:wsrc,0.35000000000000003,-0.3044744100520993
M2M,cv_first,late:wsrc,0.36000000000000004,-0.3142015272244356
M2M,cv_first,late:wsrc,0.37,-0.318493222875693
M2M,cv_first,late:wsrc,0.38,-0.32620057404789443
M2M,cv_first,late:wsrc,0.39,-0.3385147932858729
M2M,cv_first,late:wsrc,0.4,-0.3501549358123064
M2M,cv_first,late:wsrc,0.41000000000000003,-0.35957863461408607
M2M,cv_first,late:wsrc,0.42000000000000004,-0.3652974309657921
M2M,cv_first,late:wsrc,0.43,-0.3704480324316767
M2M,cv_first,late:wsrc,0.44,-0.37625687725289314
M2M,cv_first,late:wsrc,0.45,-0.38174574429554503
M2M,cv_first,late:wsrc,0.46,-0.3904874329841129
M2M,cv_first,late:wsrc,0.47000000000000003,-0.3965521561552532
M2M,cv_first,late:wsrc,0.48000000000000004,-0.4030033711308612
M2M,cv_first,late:wsrc,0.49,-0.40466890607504613
M2M,cv_first,late:wsrc,0.5,-0.4050464807436919
M2M,cv_first,treat_all,0.01,0.040873542865574736
M2M,cv_first,treat_none,0.01,0.0
M2M,cv_first,treat_all,0.02,0.03108653820093774
M2M,cv_first,treat_none,0.02,0.0
M2M,cv_first,treat_all,0.03,0.021097739625689674
M2M,cv_first,treat_none,0.03,0.0
M2M,cv_first,treat_all,0.04,0.010900841080123937
M2M,cv_first,treat_none,0.04,0.0
M2M,cv_first,treat_all,0.05,0.000489270986230507
M2M,cv_first,treat_none,0.05,0.0
M2M,cv_first,treat_all,0.060000000000000005,-0.01014382187561811
M2M,cv_first,treat_none,0.060000000000000005,0.0
M2M,cv_first,treat_all,0.06999999999999999,-0.021005583401162375
M2M,cv_first,treat_none,0.06999999999999999,0.0
M2M,cv_first,treat_all,0.08,-0.03210347017726198
M2M,cv_first,treat_none,0.08,0.0
M2M,cv_first,treat_all,0.09,-0.04344526655283627
M2M,cv_first,treat_none,0.09,0.0
M2M,cv_first,treat_all,0.09999999999999999,-0.055039102847867796
M2M,cv_first,treat_none,0.09999999999999999,0.0
M2M,cv_first,treat_all,0.11,-0.06689347478997867
M2M,cv_first,treat_none,0.11,0.0
M2M,cv_first,treat_all,0.12,-0.07901726427622842
M2M,cv_first,treat_none,0.12,0.0
M2M,cv_first,treat_all,0.13,-0.09141976156675981
M2M,cv_first,treat_none,0.13,0.0
M2M,cv_first,treat_all,0.14,-0.10411068902683841
M2M,cv_first,treat_none,0.14,0.0
M2M,cv_first,treat_all,0.15000000000000002,-0.11710022654480125
M2M,cv_first,treat_none,0.15000000000000002,0.0
M2M,cv_first,treat_all,0.16,-0.13039903876557268
M2M,cv_first,treat_none,0.16,0.0
M2M,cv_first,treat_all,0.17,-0.14401830429286872
M2M,cv_first,treat_none,0.17,0.0
M2M,cv_first,treat_all,0.18000000000000002,-0.1579697470281476
M2M,cv_first,treat_none,0.18000000000000002,0.0
M2M,cv_first,treat_all,0.19,-0.1722656698309642
M2M,cv_first,treat_none,0.19,0.0
M2M,cv_first,treat_all,0.2,-0.18691899070385126
M2M,cv_first,treat_none,0.2,0.0
M2M,cv_first,treat_all,0.21000000000000002,-0.20194328172541903
M2M,cv_first,treat_none,0.21000000000000002,0.0
M2M,cv_first,treat_all,0.22,-0.217352810978309
M2M,cv_first,treat_none,0.22,0.0
M2M,cv_first,treat_all,0.23,-0.23316258774426102
M2M,cv_first,treat_none,0.23,0.0
M2M,cv_first,treat_all,0.24000000000000002,-0.2493884112672119
M2M,cv_first,treat_none,0.24000000000000002,0.0
M2M,cv_first,treat_all,0.25,-0.26604692341744135
M2M,cv_first,treat_none,0.25,0.0
M2M,cv_first,treat_all,0.26,-0.28315566562578515
M2M,cv_first,treat_none,0.26,0.0
M2M,cv_first,treat_all,0.27,-0.30073314049737127
M2M,cv_first,treat_none,0.27,0.0
M2M,cv_first,treat_all,0.28,-0.3187988785598348
M2M,cv_first,treat_none,0.28,0.0
M2M,cv_first,treat_all,0.29000000000000004,-0.33737351065222687
M2M,cv_first,treat_none,0.29000000000000004,0.0
M2M,cv_first,treat_all,0.3,-0.3564788465186872
M2M,cv_first,treat_none,0.3,0.0
M2M,cv_first,treat_all,0.31,-0.3761379602363493
M2M,cv_first,treat_none,0.31,0.0
M2M,cv_first,treat_all,0.32,-0.3963752831810015
M2M,cv_first,treat_none,0.32,0.0
M2M,cv_first,treat_all,0.33,-0.41721670531803146
M2M,cv_first,treat_none,0.33,0.0
M2M,cv_first,treat_all,0.34,-0.438689685701638
M2M,cv_first,treat_none,0.34,0.0
M2M,cv_first,treat_all,0.35000000000000003,-0.4608233731739709
M2M,cv_first,treat_none,0.35000000000000003,0.0
M2M,cv_first,treat_all,0.36000000000000004,-0.4836487383798142
M2M,cv_first,treat_none,0.36000000000000004,0.0
M2M,cv_first,treat_all,0.37,-0.5071987183540969
M2M,cv_first,treat_none,0.37,0.0
M2M,cv_first,treat_all,0.38,-0.5315083751017436
M2M,cv_first,treat_none,0.38,0.0
M2M,cv_first,treat_all,0.39,-0.5566150697755428
M2M,cv_first,treat_none,0.39,0.0
M2M,cv_first,treat_all,0.4,-0.5825586542718019
M2M,cv_first,treat_none,0.4,0.0
M2M,cv_first,treat_all,0.41000000000000003,-0.6093816823103069
M2M,cv_first,treat_none,0.41000000000000003,0.0
M2M,cv_first,treat_all,0.42000000000000004,-0.6371296423501398
M2M,cv_first,treat_none,0.42000000000000004,0.0
M2M,cv_first,treat_all,0.43,-0.6658512150229491
M2M,cv_first,treat_none,0.43,0.0
M2M,cv_first,treat_all,0.44,-0.695598558148359
M2M,cv_first,treat_none,0.44,0.0
M2M,cv_first,treat_all,0.45,-0.7264276228419655
M2M,cv_first,treat_none,0.45,0.0
M2M,cv_first,treat_all,0.46,-0.7583985047464464
M2M,cv_first,treat_none,0.46,0.0
M2M,cv_first,treat_all,0.47000000000000003,-0.7915758350246812
M2M,cv_first,treat_none,0.47000000000000003,0.0
M2M,cv_first,treat_all,0.48000000000000004,-0.8260292164674636
M2M,cv_first,treat_none,0.48000000000000004,0.0
M2M,cv_first,treat_all,0.49,-0.861833710908002
M2M,cv_first,treat_none,0.49,0.0
M2M,cv_first,treat_all,0.5,-0.8990703851261621
M2M,cv_first,treat_none,0.5,0.0
I2I,death_30d,uni:ehr_only,0.01,0.0652892561983471
I2I,death_30d,uni:ehr_only,0.02,0.056060606060606054
I2I,death_30d,uni:ehr_only,0.03,0.04681349578256794
I2I,death_30d,uni:ehr_only,0.04,0.037310606060606065
I2I,death_30d,uni:ehr_only,0.05,0.027432216905901113
I2I,death_30d,uni:ehr_only,0.060000000000000005,0.018278529980657633
I2I,death_30d,uni:ehr_only,0.06999999999999999,0.009156076898012386
I2I,death_30d,uni:ehr_only,0.08,-6.587615283266957e-05
I2I,death_30d,uni:ehr_only,0.09,-0.009473859473859467
I2I,death_30d,uni:ehr_only,0.09999999999999999,-0.018686868686868682
I2I,death_30d,uni:ehr_only,0.11,-0.02805583929179435
I2I,death_30d,uni:ehr_only,0.12,-0.03774104683195592
I2I,death_30d,uni:ehr_only,0.13,-0.04693486590038316
I2I,death_30d,uni:ehr_only,0.14,-0.05588442565186752
I2I,death_30d,uni:ehr_only,0.15000000000000002,-0.06515151515151517
I2I,death_30d,uni:ehr_only,0.16,-0.07503607503607505
I2I,death_30d,uni:ehr_only,0.17,-0.08389923329682368
I2I,death_30d,uni:ehr_only,0.18000000000000002,-0.09342202512934224
I2I,death_30d,uni:ehr_only,0.19,-0.10260007482229704
I2I,death_30d,uni:ehr_only,0.2,-0.11174242424242424
I2I,death_30d,uni:ehr_only,0.21000000000000002,-0.12048331415420026
I2I,death_30d,uni:ehr_only,0.22,-0.12956487956487955
I2I,death_30d,uni:ehr_only,0.23,-0.13866587957497045
I2I,death_30d,uni:ehr_only,0.24000000000000002,-0.1472886762360447
I2I,death_30d,uni:ehr_only,0.25,-0.15676767676767672
I2I,death_30d,uni:ehr_only,0.26,-0.16531531531531535
I2I,death_30d,uni:ehr_only,0.27,-0.1742216687422167
I2I,death_30d,uni:ehr_only,0.28,-0.18324915824915827
I2I,death_30d,uni:ehr_only,0.29000000000000004,-0.19165599658557408
I2I,death_30d,uni:ehr_only,0.3,-0.20064935064935063
I2I,death_30d,uni:ehr_only,0.31,-0.2093983311374616
I2I,death_30d,uni:ehr_only,0.32,-0.21809269162210343
I2I,death_30d,uni:ehr_only,0.33,-0.22747625508819547
I2I,death_30d,uni:ehr_only,0.34,-0.2365472910927457
I2I,death_30d,uni:ehr_only,0.35000000000000003,-0.24510489510489514
I2I,death_30d,uni:ehr_only,0.36000000000000004,-0.25397727272727283
I2I,death_30d,uni:ehr_only,0.37,-0.2624338624338624
I2I,death_30d,uni:ehr_only,0.38,-0.27174975562072334
I2I,death_30d,uni:ehr_only,0.39,-0.28010432190760065
I2I,death_30d,uni:ehr_only,0.4,-0.2893939393939394
I2I,death_30d,uni:ehr_only,0.41000000000000003,-0.2986646122239343
I2I,death_30d,uni:ehr_only,0.42000000000000004,-0.3063218390804599
I2I,death_30d,uni:ehr_only,0.43,-0.31501860712387025
I2I,death_30d,uni:ehr_only,0.44,-0.32413419913419916
I2I,death_30d,uni:ehr_only,0.45,-0.3338842975206612
I2I,death_30d,uni:ehr_only,0.46,-0.342929292929293
I2I,death_30d,uni:ehr_only,0.47000000000000003,-0.35046883933676387
I2I,death_30d,uni:ehr_only,0.48000000000000004,-0.3593240093240093
I2I,death_30d,uni:ehr_only,0.49,-0.36758764111705283
I2I,death_30d,uni:ehr_only,0.5,-0.37606060606060604
I2I,death_30d,early:plain,0.01,0.06524334251606978
I2I,death_30d,early:plain,0.02,0.05724799010513296
I2I,death_30d,early:plain,0.03,0.05165885660731021
I2I,death_30d,early:plain,0.04,0.04878787878787878
I2I,death_30d,early:plain,0.05,0.04430622009569378
I2I,death_30d,early:plain,0.060000000000000005,0.03885235332043842
I2I,death_30d,early:plain,0.06999999999999999,0.03561746497230368
I2I,death_30d,early:plain,0.08,0.032806324110671935
I2I,death_30d,early:plain,0.09,0.029846819846819847
I2I,death_30d,early:plain,0.09999999999999999,0.02686868686868687
I2I,death_30d,early:plain,0.11,0.025740551583248214
I2I,death_30d,early:plain,0.12,0.024531680440771354
I2I,death_30d,early:plain,0.13,0.021765935214211076
I2I,death_30d,early:plain,0.14,0.020831571529245946
I2I,death_30d,early:plain,0.15000000000000002,0.018698752228163987
I2I,death_30d,early:plain,0.16,0.017619047619047614
I2I,death_30d,early:plain,0.17,0.01643665571376415
I2I,death_30d,early:plain,0.18000000000000002,0.013983739837398371
I2I,death_30d,early:plain,0.19,0.012297044519266744
I2I,death_30d,early:plain,0.2,0.011818181818181818
I2I,death_30d,early:plain,0.21000000000000002,0.009485999232834674
I2I,death_30d,early:plain,0.22,0.009036519036519038
I2I,death_30d,early:plain,0.23,0.006190476190476191
I2I,death_30d,early:plain,0.24000000000000002,0.005311004784688994
I2I,death_30d,early:plain,0.25,0.004545454545454547
I2I,death_30d,early:plain,0.26,0.004701064701064701
I2I,death_30d,early:plain,0.27,0.003565794935657946
I2I,death_30d,early:plain,0.28,0.002289562289562286
I2I,death_30d,early:plain,0.29000000000000004,0.002198036705078954
I2I,death_30d,early:plain,0.3,0.002207792207792207
I2I,death_30d,early:plain,0.31,0.0016117698726394354
I2I,death_30d,early:plain,0.32,0.0006060606060606048
I2I,death_30d,early:plain,0.33,2.7137042062412575e-05
I2I,death_30d,early:plain,0.34,-0.0001928374655647408
I2I,death_30d,early:plain,0.35000000000000003,-0.0003729603729603747
I2I,death_30d,early:plain,0.36000000000000004,-0.000776515151515153
I2I,death_30d,early:plain,0.37,-0.0014622414622414634
I2I,death_30d,early:plain,0.38,-0.00217008797653959
I2I,death_30d,early:plain,0.39,-0.0025832091405861915
I2I,death_30d,early:plain,0.4,-0.0023232323232323243
I2I,death_30d,early:plain,0.41000000000000003,-0.0030200308166409865
I2I,death_30d,early:plain,0.42000000000000004,-0.0029885057471264386
I2I,death_30d,early:plain,0.43,-0.0036948431685273784
I2I,death_30d,early:plain,0.44,-0.003701298701298701
I2I,death_30d,early:plain,0.45,-0.003360881542699724
I2I,death_30d,early:plain,0.46,-0.004702581369248036
I2I,death_30d,early:plain,0.47000000000000003,-0.004859919954259578
I2I,death_30d,early:plain,0.48000000000000004,-0.004405594405594406
I2I,death_30d,early:plain,0.49,-0.0036185383244206762
I2I,death_30d,early:plain,0.5,-0.0036363636363636364
I2I,death_30d,early:blockstd,0.01,0.06519742883379247
I2I,death_30d,early:blockstd,0.02,0.05607915893630179
I2I,death_30d,early:blockstd,0.03,0.048834739144017494
I2I,death_30d,early:blockstd,0.04,0.04419191919191919
I2I,death_30d,early:blockstd,0.05,0.042200956937799045
I2I,death_30d,early:blockstd,0.060000000000000005,0.03738878143133462
I2I,death_30d,early:blockstd,0.06999999999999999,0.0349364613880743
I2I,death_30d,early:blockstd,0.08,0.03243741765480895
I2I,death_30d,early:blockstd,0.09,0.03158508158508158
I2I,death_30d,early:blockstd,0.09999999999999999,0.028821548821548824
I2I,death_30d,early:blockstd,0.11,0.02571331290432414
I2I,death_30d,early:blockstd,0.12,0.020413223140495866
I2I,death_30d,early:blockstd,0.13,0.01770463253221874
I2I,death_30d,early:blockstd,0.14,0.014989429175475685
I2I,death_30d,early:blockstd,0.15000000000000002,0.012245989304812832
I2I,death_30d,early:blockstd,0.16,0.011515151515151515
I2I,death_30d,early:blockstd,0.17,0.01076670317634173
I2I,death_30d,early:blockstd,0.18000000000000002,0.00844789356984479
I2I,death_30d,early:blockstd,0.19,0.006992143658810325
I2I,death_30d,early:blockstd,0.2,0.00553030303030303
I2I,death_30d,early:blockstd,0.21000000000000002,0.003878020713463751
I2I,death_30d,early:blockstd,0.22,0.0029681429681429686
I2I,death_30d,early:blockstd,0.23,0.002172373081463991
I2I,death_30d,early:blockstd,0.24000000000000002,0.00175438596491228
I2I,death_30d,early:blockstd,0.25,0.0010101010101010105
I2I,death_30d,early:blockstd,0.26,0.0007289107289107292
I2I,death_30d,early:blockstd,0.27,0.00091324200913242
I2I,death_30d,early:blockstd,0.28,0.001043771043771043
I2I,death_30d,early:blockstd,0.29000000000000004,0.0007341015791720016
I2I,death_30d,early:blockstd,0.3,0.0009523809523809524
I2I,death_30d,early:blockstd,0.31,0.0010935441370223979
I2I,death_30d,early:blockstd,0.32,0.00010695187165775388
I2I,death_30d,early:blockstd,0.33,2.713704206241496e-05
I2I,death_30d,early:blockstd,0.34,-0.00020202020202020245
I2I,death_30d,early:blockstd,0.35000000000000003,-0.00011655011655011677
I2I,death_30d,early:blockstd,0.36000000000000004,0.0001515151515151512
I2I,death_30d,early:blockstd,0.37,9.139009139009125e-05
I2I,death_30d,early:blockstd,0.38,2.932551319648094e-05
I2I,death_30d,early:blockstd,0.39,-0.0006408345752608048
I2I,death_30d,early:blockstd,0.4,-0.00030303030303030325
I2I,death_30d,early:blockstd,0.41000000000000003,-0.00014381099126861848
I2I,death_30d,early:blockstd,0.42000000000000004,-0.000271682340647858
I2I,death_30d,early:blockstd,0.43,-0.00030834662413609765
I2I,death_30d,early:blockstd,0.44,-0.0006493506493506494
I2I,death_30d,early:blockstd,0.45,-0.0006887052341597796
I2I,death_30d,early:blockstd,0.46,-0.0004713804713804714
I2I,death_30d,early:blockstd,0.47000000000000003,-0.0005031446540880503
I2I,death_30d,early:blockstd,0.48000000000000004,-0.0005594405594405594
I2I,death_30d,early:blockstd,0.49,-0.000582293523469994
I2I,death_30d,early:blockstd,0.5,-0.0006060606060606061
I2I,death_30d,inter:plain,0.01,0.04907560453014999
I2I,death_30d,inter:plain,0.02,0.042708719851576996
I2I,death_30d,inter:plain,0.03,0.03981568259918775
I2I,death_30d,inter:plain,0.04,0.036830808080808075
I2I,death_30d,inter:plain,0.05,0.03320574162679426
I2I,death_30d,inter:plain,0.060000000000000005,0.030921985815602834
I2I,death_30d,inter:plain,0.06999999999999999,0.028204626914304337
I2I,death_30d,inter:plain,0.08,0.025494071146245058
I2I,death_30d,inter:plain,0.09,0.0235964035964036
I2I,death_30d,inter:plain,0.09999999999999999,0.021885521885521887
I2I,death_30d,inter:plain,0.11,0.019982975825672454
I2I,death_30d,inter:plain,0.12,0.018319559228650136
I2I,death_30d,inter:plain,0.13,0.016931382793451754
I2I,death_30d,inter:plain,0.14,0.015186751233262859
I2I,death_30d,inter:plain,0.15000000000000002,0.013315508021390365
I2I,death_30d,inter:plain,0.16,0.012049062049062045
I2I,death_30d,inter:plain,0.17,0.010529390288426432
I2I,death_30d,inter:plain,0.18000000000000002,0.008928307464892826
I2I,death_30d,inter:plain,0.19,0.007789001122334455
I2I,death_30d,inter:plain,0.2,0.005909090909090909
I2I,death_30d,inter:plain,0.21000000000000002,0.004200230149597237
I2I,death_30d,inter:plain,0.22,0.003061383061383059
I2I,death_30d,inter:plain,0.23,0.0012987012987012991
I2I,death_30d,inter:plain,0.24000000000000002,-0.0009569377990430658
I2I,death_30d,inter:plain,0.25,-0.002727272727272731
I2I,death_30d,inter:plain,0.26,-0.004299754299754301
I2I,death_30d,inter:plain,0.27,-0.006073059360730597
I2I,death_30d,inter:plain,0.28,-0.00742424242424243
I2I,death_30d,inter:plain,0.29000000000000004,-0.009795134443021776
I2I,death_30d,inter:plain,0.3,-0.011991341991341997
I2I,death_30d,inter:plain,0.31,-0.014031620553359686
I2I,death_30d,inter:plain,0.32,-0.015365418894830667
I2I,death_30d,inter:plain,0.33,-0.017589326096788795
I2I,death_30d,inter:plain,0.34,-0.01951331496786043
I2I,death_30d,inter:plain,0.35000000000000003,-0.02223776223776225
I2I,death_30d,inter:plain,0.36000000000000004,-0.024375000000000008
I2I,death_30d,inter:plain,0.37,-0.02588263588263589
I2I,death_30d,inter:plain,0.38,-0.02683284457478006
I2I,death_30d,inter:plain,0.39,-0.028812717337307506
I2I,death_30d,inter:plain,0.4,-0.03050505050505051
I2I,death_30d,inter:plain,0.41000000000000003,-0.03209553158705701
I2I,death_30d,inter:plain,0.42000000000000004,-0.03402298850574714
I2I,death_30d,inter:plain,0.43,-0.03697501329080275
I2I,death_30d,inter:plain,0.44,-0.03883116883116883
I2I,death_30d,inter:plain,0.45,-0.04203856749311294
I2I,death_30d,inter:plain,0.46,-0.04444444444444445
I2I,death_30d,inter:plain,0.47000000000000003,-0.04662664379645512
I2I,death_30d,inter:plain,0.48000000000000004,-0.04881118881118883
I2I,death_30d,inter:plain,0.49,-0.051360665478312514
I2I,death_30d,inter:plain,0.5,-0.054242424242424245
I2I,death_30d,late:mean,0.01,0.0652035506580961
I2I,death_30d,late:mean,0.02,0.05568954854669139
I2I,death_30d,late:mean,0.03,0.045998125585754446
I2I,death_30d,late:mean,0.04,0.03614898989898989
I2I,death_30d,late:mean,0.05,0.02623604465709728
I2I,death_30d,late:mean,0.060000000000000005,0.016170212765957433
I2I,death_30d,late:mean,0.06999999999999999,0.005936787227109816
I2I,death_30d,late:mean,0.08,-0.0046508563899868155
I2I,death_30d,late:mean,0.09,-0.015038295038295027
I2I,death_30d,late:mean,0.09999999999999999,-0.025387205387205375
I2I,death_30d,late:mean,0.11,-0.03590738849165814
I2I,death_30d,late:mean,0.12,-0.04629476584022037
I2I,death_30d,late:mean,0.13,-0.05705677464298156
I2I,death_30d,late:mean,0.14,-0.06804087385482735
I2I,death_30d,late:mean,0.15000000000000002,-0.07812834224598933
I2I,death_30d,late:mean,0.16,-0.08890331890331893
I2I,death_30d,late:mean,0.17,-0.09915662650602411
I2I,death_30d,late:mean,0.18000000000000002,-0.10968957871396898
I2I,death_30d,late:mean,0.19,-0.11977553310886643
I2I,death_30d,late:mean,0.2,-0.13022727272727272
I2I,death_30d,late:mean,0.21000000000000002,-0.14013041810510166
I2I,death_30d,late:mean,0.22,-0.1517094017094017
I2I,death_30d,late:mean,0.23,-0.1623691460055096
I2I,death_30d,late:mean,0.24000000000000002,-0.1736842105263158
I2I,death_30d,late:mean,0.25,-0.18434343434343434
I2I,death_30d,late:mean,0.26,-0.19403767403767402
I2I,death_30d,late:mean,0.27,-0.20344956413449566
I2I,death_30d,late:mean,0.28,-0.21331649831649835
I2I,death_30d,late:mean,0.29000000000000004,-0.22207426376440464
I2I,death_30d,late:mean,0.3,-0.23082251082251082
I2I,death_30d,late:mean,0.31,-0.23949934123847172
I2I,death_30d,late:mean,0.32,-0.2482352941176471
I2I,death_30d,late:mean,0.33,-0.25596110357304397
I2I,death_30d,late:mean,0.34,-0.26454545454545464
I2I,death_30d,late:mean,0.35000000000000003,-0.273986013986014
I2I,death_30d,late:mean,0.36000000000000004,-0.281344696969697
I2I,death_30d,late:mean,0.37,-0.2896777296777297
I2I,death_30d,late:mean,0.38,-0.2979276637341154
I2I,death_30d,late:mean,0.39,-0.3034475906607054
I2I,death_30d,late:mean,0.4,-0.30868686868686873
I2I,death_30d,late:mean,0.41000000000000003,-0.315824345146379
I2I,death_30d,late:mean,0.42000000000000004,-0.3216718913270638
I2I,death_30d,late:mean,0.43,-0.32699627857522595
I2I,death_30d,late:mean,0.44,-0.3327705627705627
I2I,death_30d,late:mean,0.45,-0.33818181818181814
I2I,death_30d,late:mean,0.46,-0.3438945005611672
I2I,death_30d,late:mean,0.47000000000000003,-0.3473699256718125
I2I,death_30d,late:mean,0.48000000000000004,-0.3531934731934732
I2I,death_30d,late:mean,0.49,-0.3601663695781343
I2I,death_30d,late:mean,0.5,-0.36030303030303035
I2I,death_30d,late:wsrc,0.01,0.0652035506580961
I2I,death_30d,late:wsrc,0.02,0.05569573283858997
I2I,death_30d,late:wsrc,0.03,0.045998125585754446
I2I,death_30d,late:wsrc,0.04,0.03618686868686868
I2I,death_30d,late:wsrc,0.05,0.02623604465709728
I2I,death_30d,late:wsrc,0.060000000000000005,0.016189555125725327
I2I,death_30d,late:wsrc,0.06999999999999999,0.006005213424568265
I2I,death_30d,late:wsrc,0.08,-0.004571805006587604
I2I,death_30d,late:wsrc,0.09,-0.014888444888444888
I2I,death_30d,late:wsrc,0.09999999999999999,-0.025151515151515133
I2I,death_30d,late:wsrc,0.11,-0.03542049710589036
I2I,death_30d,late:wsrc,0.12,-0.04622589531680439
I2I,death_30d,late:wsrc,0.13,-0.05642284918146989
I2I,death_30d,late:wsrc,0.14,-0.06675828047921073
I2I,death_30d,late:wsrc,0.15000000000000002,-0.07743315508021395
I2I,death_30d,late:wsrc,0.16,-0.08832611832611834
I2I,death_30d,late:wsrc,0.17,-0.09884629426798103
I2I,death_30d,late:wsrc,0.18000000000000002,-0.10882483370288248
I2I,death_30d,late:wsrc,0.19,-0.11878039655817432
I2I,death_30d,late:wsrc,0.2,-0.1293939393939394
I2I,death_30d,late:wsrc,0.21000000000000002,-0.14077483697736864
I2I,death_30d,late:wsrc,0.22,-0.15128205128205127
I2I,death_30d,late:wsrc,0.23,-0.16140495867768592
I2I,death_30d,late:wsrc,0.24000000000000002,-0.17111642743221694
I2I,death_30d,late:wsrc,0.25,-0.1821212121212121
I2I,death_30d,late:wsrc,0.26,-0.19108927108927112
I2I,death_30d,late:wsrc,0.27,-0.20124117891241183
I2I,death_30d,late:wsrc,0.28,-0.21053872053872058
I2I,death_30d,late:wsrc,0.29000000000000004,-0.21929577464788735
I2I,death_30d,late:wsrc,0.3,-0.22883116883116883
I2I,death_30d,late:wsrc,0.31,-0.2375318401405358
I2I,death_30d,late:wsrc,0.32,-0.24495543672014264
I2I,death_30d,late:wsrc,0.33,-0.251935775667119
I2I,death_30d,late:wsrc,0.34,-0.2597061524334252
I2I,death_30d,late:wsrc,0.35000000000000003,-0.2710256410256411
I2I,death_30d,late:wsrc,0.36000000000000004,-0.27926136363636367
I2I,death_30d,late:wsrc,0.37,-0.2868302068302068
I2I,death_30d,late:wsrc,0.38,-0.29351906158357777
I2I,death_30d,late:wsrc,0.39,-0.30134128166915053
I2I,death_30d,late:wsrc,0.4,-0.3068686868686869
I2I,death_30d,late:wsrc,0.41000000000000003,-0.3138366718027735
I2I,death_30d,late:wsrc,0.42000000000000004,-0.32079414838035536
I2I,death_30d,late:wsrc,0.43,-0.32729930887825626
I2I,death_30d,late:wsrc,0.44,-0.3343939393939394
I2I,death_30d,late:wsrc,0.45,-0.340633608815427
I2I,death_30d,late:wsrc,0.46,-0.3445005611672278
I2I,death_30d,late:wsrc,0.47000000000000003,-0.3490165809033734
I2I,death_30d,late:wsrc,0.48000000000000004,-0.35543123543123545
I2I,death_30d,late:wsrc,0.49,-0.3590017825311943
I2I,death_30d,late:wsrc,0.5,-0.36030303030303035
I2I,death_30d,treat_all,0.01,0.06519742883379247
I2I,death_30d,treat_none,0.01,0.0
I2I,death_30d,treat_all,0.02,0.05565862708719851
I2I,death_30d,treat_none,0.02,0.0
I2I,death_30d,treat_all,0.03,0.045923149015932516
I2I,death_30d,treat_none,0.03,0.0
I2I,death_30d,treat_all,0.04,0.035984848484848474
I2I,death_30d,treat_none,0.04,0.0
I2I,death_30d,treat_all,0.05,0.025837320574162673
I2I,death_30d,treat_none,0.05,0.0
I2I,death_30d,treat_all,0.060000000000000005,0.015473887814313338
I2I,death_30d,treat_none,0.060000000000000005,0.0
I2I,death_30d,treat_all,0.06999999999999999,0.004887585532746833
I2I,death_30d,treat_none,0.06999999999999999,0.0
I2I,death_30d,treat_all,0.08,-0.005928853754940705
I2I,death_30d,treat_none,0.08,0.0
I2I,death_30d,treat_all,0.09,-0.016983016983016977
I2I,death_30d,treat_none,0.09,0.0
I2I,death_30d,treat_all,0.09999999999999999,-0.028282828282828285
I2I,death_30d,treat_none,0.09999999999999999,0.0
I2I,death_30d,treat_all,0.11,-0.03983656792645557
I2I,death_30d,treat_none,0.11,0.0
I2I,death_30d,treat_all,0.12,-0.05165289256198345
I2I,death_30d,treat_none,0.12,0.0
I2I,death_30d,treat_all,0.13,-0.06374085684430512
I2I,death_30d,treat_none,0.13,0.0
I2I,death_30d,treat_all,0.14,-0.07610993657505287
I2I,death_30d,treat_none,0.14,0.0
I2I,death_30d,treat_all,0.15000000000000002,-0.08877005347593588
I2I,death_30d,treat_none,0.15000000000000002,0.0
I2I,death_30d,treat_all,0.16,-0.10173160173160174
I2I,death_30d,treat_none,0.16,0.0
I2I,death_30d,treat_all,0.17,-0.1150054764512596
I2I,death_30d,treat_none,0.17,0.0
I2I,death_30d,treat_all,0.18000000000000002,-0.1286031042128603
I2I,death_30d,treat_none,0.18000000000000002,0.0
I2I,death_30d,treat_all,0.19,-0.14253647586980916
I2I,death_30d,treat_none,0.19,0.0
I2I,death_30d,treat_all,0.2,-0.1568181818181818
I2I,death_30d,treat_none,0.2,0.0
I2I,death_30d,treat_all,0.21000000000000002,-0.1714614499424626
I2I,death_30d,treat_none,0.21000000000000002,0.0
I2I,death_30d,treat_all,0.22,-0.1864801864801865
I2I,death_30d,treat_none,0.22,0.0
I2I,death_30d,treat_all,0.23,-0.20188902007083825
I2I,death_30d,treat_none,0.23,0.0
I2I,death_30d,treat_all,0.24000000000000002,-0.21770334928229668
I2I,death_30d,treat_none,0.24000000000000002,0.0
I2I,death_30d,treat_all,0.25,-0.23393939393939395
I2I,death_30d,treat_none,0.25,0.0
I2I,death_30d,treat_all,0.26,-0.25061425061425063
I2I,death_30d,treat_none,0.26,0.0
I2I,death_30d,treat_all,0.27,-0.26774595267745954
I2I,death_30d,treat_none,0.27,0.0
I2I,death_30d,treat_all,0.28,-0.2853535353535354
I2I,death_30d,treat_none,0.28,0.0
I2I,death_30d,treat_all,0.29000000000000004,-0.30345710627400774
I2I,death_30d,treat_none,0.29000000000000004,0.0
I2I,death_30d,treat_all,0.3,-0.32207792207792213
I2I,death_30d,treat_none,0.3,0.0
I2I,death_30d,treat_all,0.31,-0.34123847167325433
I2I,death_30d,treat_none,0.31,0.0
I2I,death_30d,treat_all,0.32,-0.36096256684491984
I2I,death_30d,treat_none,0.32,0.0
I2I,death_30d,treat_all,0.33,-0.3812754409769336
I2I,death_30d,treat_none,0.33,0.0
I2I,death_30d,treat_all,0.34,-0.40220385674931136
I2I,death_30d,treat_none,0.34,0.0
I2I,death_30d,treat_all,0.35000000000000003,-0.42377622377622387
I2I,death_30d,treat_none,0.35000000000000003,0.0
I2I,death_30d,treat_all,0.36000000000000004,-0.44602272727272735
I2I,death_30d,treat_none,0.36000000000000004,0.0
I2I,death_30d,treat_all,0.37,-0.468975468975469
I2I,death_30d,treat_none,0.37,0.0
I2I,death_30d,treat_all,0.38,-0.4926686217008798
I2I,death_30d,treat_none,0.38,0.0
I2I,death_30d,treat_all,0.39,-0.5171385991058122
I2I,death_30d,treat_none,0.39,0.0
I2I,death_30d,treat_all,0.4,-0.5424242424242425
I2I,death_30d,treat_none,0.4,0.0
I2I,death_30d,treat_all,0.41000000000000003,-0.5685670261941448
I2I,death_30d,treat_none,0.41000000000000003,0.0
I2I,death_30d,treat_all,0.42000000000000004,-0.5956112852664577
I2I,death_30d,treat_none,0.42000000000000004,0.0
I2I,death_30d,treat_all,0.43,-0.6236044657097287
I2I,death_30d,treat_none,0.43,0.0
I2I,death_30d,treat_all,0.44,-0.6525974025974025
I2I,death_30d,treat_none,0.44,0.0
I2I,death_30d,treat_all,0.45,-0.6826446280991735
I2I,death_30d,treat_none,0.45,0.0
I2I,death_30d,treat_all,0.46,-0.7138047138047138
I2I,death_30d,treat_none,0.46,0.0
I2I,death_30d,treat_all,0.47000000000000003,-0.7461406518010291
I2I,death_30d,treat_none,0.47000000000000003,0.0
I2I,death_30d,treat_all,0.48000000000000004,-0.7797202797202797
I2I,death_30d,treat_none,0.48000000000000004,0.0
I2I,death_30d,treat_all,0.49,-0.8146167557932262
I2I,death_30d,treat_none,0.49,0.0
I2I,death_30d,treat_all,0.5,-0.8509090909090908
I2I,death_30d,treat_none,0.5,0.0
I2I,composite_30d,uni:ehr_only,0.01,0.14456688093051728
I2I,composite_30d,uni:ehr_only,0.02,0.13614718614718613
I2I,composite_30d,uni:ehr_only,0.03,0.12710090596688536
I2I,composite_30d,uni:ehr_only,0.04,0.11843434343434345
I2I,composite_30d,uni:ehr_only,0.05,0.10972886762360447
I2I,composite_30d,uni:ehr_only,0.060000000000000005,0.10112830431979368
I2I,composite_30d,uni:ehr_only,0.06999999999999999,0.09289670902574129
I2I,composite_30d,uni:ehr_only,0.08,0.08425559947299079
I2I,composite_30d,uni:ehr_only,0.09,0.07544122544122545
I2I,composite_30d,uni:ehr_only,0.09999999999999999,0.06616161616161616
I2I,composite_30d,uni:ehr_only,0.11,0.05808648280558393
I2I,composite_30d,uni:ehr_only,0.12,0.04938016528925619
I2I,composite_30d,uni:ehr_only,0.13,0.041187739463601505
I2I,composite_30d,uni:ehr_only,0.14,0.0329105003523608
I2I,composite_30d,uni:ehr_only,0.15000000000000002,0.02433155080213903
I2I,composite_30d,uni:ehr_only,0.16,0.01623376623376624
I2I,composite_30d,uni:ehr_only,0.17,0.007740051113545088
I2I,composite_30d,uni:ehr_only,0.18000000000000002,-0.0002956393200295726
I2I,composite_30d,uni:ehr_only,0.19,-0.008698092031425353
I2I,composite_30d,uni:ehr_only,0.2,-0.017424242424242425
I2I,composite_30d,uni:ehr_only,0.21000000000000002,-0.025354813962408934
I2I,composite_30d,uni:ehr_only,0.22,-0.033605283605283615
I2I,composite_30d,uni:ehr_only,0.23,-0.04224714679260133
I2I,composite_30d,uni:ehr_only,0.24000000000000002,-0.050000000000000044
I2I,composite_30d,uni:ehr_only,0.25,-0.05898989898989898
I2I,composite_30d,uni:ehr_only,0.26,-0.06662571662571662
I2I,composite_30d,uni:ehr_only,0.27,-0.07418015774180159
I2I,composite_30d,uni:ehr_only,0.28,-0.08265993265993268
I2I,composite_30d,uni:ehr_only,0.29000000000000004,-0.09007682458386687
I2I,composite_30d,uni:ehr_only,0.3,-0.09891774891774893
I2I,composite_30d,uni:ehr_only,0.31,-0.10663153271848927
I2I,composite_30d,uni:ehr_only,0.32,-0.11470588235294121
I2I,composite_30d,uni:ehr_only,0.33,-0.1239032112166441
I2I,composite_30d,uni:ehr_only,0.34,-0.13094582185491282
I2I,composite_30d,uni:ehr_only,0.35000000000000003,-0.13927738927738936
I2I,composite_30d,uni:ehr_only,0.36000000000000004,-0.14696969696969703
I2I,composite_30d,uni:ehr_only,0.37,-0.15420875420875424
I2I,composite_30d,uni:ehr_only,0.38,-0.16324535679374388
I2I,composite_30d,uni:ehr_only,0.39,-0.17230501738698464
I2I,composite_30d,uni:ehr_only,0.4,-0.18030303030303038
I2I,composite_30d,uni:ehr_only,0.41000000000000003,-0.18926553672316387
I2I,composite_30d,uni:ehr_only,0.42000000000000004,-0.19660397074190183
I2I,composite_30d,uni:ehr_only,0.43,-0.20550239234449758
I2I,composite_30d,uni:ehr_only,0.44,-0.21212121212121215
I2I,composite_30d,uni:ehr_only,0.45,-0.218732782369146
I2I,composite_30d,uni:ehr_only,0.46,-0.22452300785634122
I2I,composite_30d,uni:ehr_only,0.47000000000000003,-0.23154373927958835
I2I,composite_30d,uni:ehr_only,0.48000000000000004,-0.23752913752913754
I2I,composite_30d,uni:ehr_only,0.49,-0.2434046345811051
I2I,composite_30d,uni:ehr_only,0.5,-0.2506060606060606
I2I,composite_30d,early:plain,0.01,0.14451790633608813
I2I,composite_30d,early:plain,0.02,0.1359925788497217
I2I,composite_30d,early:plain,0.03,0.12844736019993752
I2I,composite_30d,early:plain,0.04,0.12191919191919191
I2I,composite_30d,early:plain,0.05,0.11210526315789474
I2I,composite_30d,early:plain,0.060000000000000005,0.10520309477756287
I2I,composite_30d,early:plain,0.06999999999999999,0.09793418051482569
I2I,composite_30d,early:plain,0.08,0.0921212121212121
I2I,composite_30d,early:plain,0.09,0.08691641691641691
I2I,composite_30d,early:plain,0.09999999999999999,0.08127946127946128
I2I,composite_30d,early:plain,0.11,0.07820905686074225
I2I,composite_30d,early:plain,0.12,0.07258953168044077
I2I,composite_30d,early:plain,0.13,0.06839080459770115
I2I,composite_30d,early:plain,0.14,0.0651092318534179
I2I,composite_30d,early:plain,0.15000000000000002,0.06092691622103386
I2I,composite_30d,early:plain,0.16,0.05773448773448773
I2I,composite_30d,early:plain,0.17,0.05300109529025192
I2I,composite_30d,early:plain,0.18000000000000002,0.050251293422025126
I2I,composite_30d,early:plain,0.19,0.045798728020950245
I2I,composite_30d,early:plain,0.2,0.04242424242424243
I2I,composite_30d,early:plain,0.21000000000000002,0.0382355197545071
I2I,composite_30d,early:plain,0.22,0.03548562548562549
I2I,composite_30d,early:plain,0.23,0.03184966548602913
I2I,composite_30d,early:plain,0.24000000000000002,0.028452950558213716
I2I,composite_30d,early:plain,0.25,0.026262626262626265
I2I,composite_30d,early:plain,0.26,0.024529074529074525
I2I,composite_30d,early:plain,0.27,0.02316313823163138
I2I,composite_30d,early:plain,0.28,0.01996632996632996
I2I,composite_30d,early:plain,0.29000000000000004,0.018958600085360648
I2I,composite_30d,early:plain,0.3,0.018571428571428572
I2I,composite_30d,early:plain,0.31,0.01586297760210803
I2I,composite_30d,early:plain,0.32,0.01365418894830659
I2I,composite_30d,early:plain,0.33,0.012075983717774755
I2I,composite_30d,early:plain,0.34,0.009834710743801649
I2I,composite_30d,early:plain,0.35000000000000003,0.008624708624708613
I2I,composite_30d,early:plain,0.36000000000000004,0.008617424242424232
I2I,composite_30d,early:plain,0.37,0.006560846560846559
I2I,composite_30d,early:plain,0.38,0.0052883675464320615
I2I,composite_30d,early:plain,0.39,0.004724292101341274
I2I,composite_30d,early:plain,0.4,0.004848484848484845
I2I,composite_30d,early:plain,0.41000000000000003,0.0037339496661530566
I2I,composite_30d,early:plain,0.42000000000000004,0.004200626959247649
I2I,composite_30d,early:plain,0.43,0.0020308346624136123
I2I,composite_30d,early:plain,0.44,0.002380952380952383
I2I,composite_30d,early:plain,0.45,0.0008539944903581294
I2I,composite_30d,early:plain,0.46,-0.0009988776655443302
I2I,composite_30d,early:plain,0.47000000000000003,-0.0017552887364208104
I2I,composite_30d,early:plain,0.48000000000000004,-0.002634032634032637
I2I,composite_30d,early:plain,0.49,-0.0037908496732026106
I2I,composite_30d,early:plain,0.5,-0.0036363636363636355
I2I,composite_30d,early:blockstd,0.01,0.14447505356596263
I2I,composite_30d,early:blockstd,0.02,0.13574520717377858
I2I,composite_30d,early:blockstd,0.03,0.1269946891596376
I2I,composite_30d,early:blockstd,0.04,0.11876262626262624
I2I,composite_30d,early:blockstd,0.05,0.11081339712918661
I2I,composite_30d,early:blockstd,0.060000000000000005,0.10415860735009672
I2I,composite_30d,early:blockstd,0.06999999999999999,0.09938090583251874
I2I,composite_30d,early:blockstd,0.08,0.09359683794466403
I2I,composite_30d,early:blockstd,0.09,0.08714618714618715
I2I,composite_30d,early:blockstd,0.09999999999999999,0.08259259259259259
I2I,composite_30d,early:blockstd,0.11,0.0779979570990807
I2I,composite_30d,early:blockstd,0.12,0.07483471074380164
I2I,composite_30d,early:blockstd,0.13,0.07154649947753396
I2I,composite_30d,early:blockstd,0.14,0.06548978153629316
I2I,composite_30d,early:blockstd,0.15000000000000002,0.06185383244206773
I2I,composite_30d,early:blockstd,0.16,0.058816738816738816
I2I,composite_30d,early:blockstd,0.17,0.054154801022270896
I2I,composite_30d,early:blockstd,0.18000000000000002,0.04988174427198817
I2I,composite_30d,early:blockstd,0.19,0.046666666666666676
I2I,composite_30d,early:blockstd,0.2,0.04257575757575757
I2I,composite_30d,early:blockstd,0.21000000000000002,0.0395320291522823
I2I,composite_30d,early:blockstd,0.22,0.03626262626262627
I2I,composite_30d,early:blockstd,0.23,0.03363242817788273
I2I,composite_30d,early:blockstd,0.24000000000000002,0.029776714513556617
I2I,composite_30d,early:blockstd,0.25,0.025353535353535357
I2I,composite_30d,early:blockstd,0.26,0.02362817362817363
I2I,composite_30d,early:blockstd,0.27,0.022137816521378164
I2I,composite_30d,early:blockstd,0.28,0.020959595959595952
I2I,composite_30d,early:blockstd,0.29000000000000004,0.018992744344857017
I2I,composite_30d,early:blockstd,0.3,0.016709956709956706
I2I,composite_30d,early:blockstd,0.31,0.012613087395696089
I2I,composite_30d,early:blockstd,0.32,0.00971479500891265
I2I,composite_30d,early:blockstd,0.33,0.007743102668475801
I2I,composite_30d,early:blockstd,0.34,0.00793388429752066
I2I,composite_30d,early:blockstd,0.35000000000000003,0.00706293706293706
I2I,composite_30d,early:blockstd,0.36000000000000004,0.006799242424242423
I2I,composite_30d,early:blockstd,0.37,0.005959595959595958
I2I,composite_30d,early:blockstd,0.38,0.004858260019550342
I2I,composite_30d,early:blockstd,0.39,0.0036015896671634396
I2I,composite_30d,early:blockstd,0.4,0.001717171717171716
I2I,composite_30d,early:blockstd,0.41000000000000003,0.0003030303030303015
I2I,composite_30d,early:blockstd,0.42000000000000004,-3.134796238244732e-05
I2I,composite_30d,early:blockstd,0.43,-0.00013822434875066306
I2I,composite_30d,early:blockstd,0.44,0.00030303030303030325
I2I,composite_30d,early:blockstd,0.45,2.754820936639278e-05
I2I,composite_30d,early:blockstd,0.46,0.0011335578002244669
I2I,composite_30d,early:blockstd,0.47000000000000003,0.0001200686106346497
I2I,composite_30d,early:blockstd,0.48000000000000004,-0.0003030303030303041
I2I,composite_30d,early:blockstd,0.49,-0.0012418300653594758
I2I,composite_30d,early:blockstd,0.5,-0.0012121212121212121
I2I,composite_30d,inter:plain,0.01,0.12400673400673401
I2I,composite_30d,inter:plain,0.02,0.11397031539888683
I2I,composite_30d,inter:plain,0.03,0.10584504842236801
I2I,composite_30d,inter:plain,0.04,0.09683080808080809
I2I,composite_30d,inter:plain,0.05,0.09177033492822967
I2I,composite_30d,inter:plain,0.060000000000000005,0.08695035460992909
I2I,composite_30d,inter:plain,0.06999999999999999,0.08068426197458456
I2I,composite_30d,inter:plain,0.08,0.0767193675889328
I2I,composite_30d,inter:plain,0.09,0.07206793206793206
I2I,composite_30d,inter:plain,0.09999999999999999,0.06868686868686869
I2I,composite_30d,inter:plain,0.11,0.06374191351719442
I2I,composite_30d,inter:plain,0.12,0.0600137741046832
I2I,composite_30d,inter:plain,0.13,0.05673284569836294
I2I,composite_30d,inter:plain,0.14,0.05174066243833686
I2I,composite_30d,inter:plain,0.15000000000000002,0.04789661319073082
I2I,composite_30d,inter:plain,0.16,0.04311688311688311
I2I,composite_30d,inter:plain,0.17,0.039386637458926614
I2I,composite_30d,inter:plain,0.18000000000000002,0.03699926090169992
I2I,composite_30d,inter:plain,0.19,0.033045267489711934
I2I,composite_30d,inter:plain,0.2,0.029166666666666667
I2I,composite_30d,inter:plain,0.21000000000000002,0.0252090525508247
I2I,composite_30d,inter:plain,0.22,0.021196581196581202
I2I,composite_30d,inter:plain,0.23,0.017508854781582053
I2I,composite_30d,inter:plain,0.24000000000000002,0.014641148325358844
I2I,composite_30d,inter:plain,0.25,0.011111111111111113
I2I,composite_30d,inter:plain,0.26,0.007600327600327597
I2I,composite_30d,inter:plain,0.27,0.004989622249896214
I2I,composite_30d,inter:plain,0.28,0.0013468013468013323
I2I,composite_30d,inter:plain,0.29000000000000004,-0.0013572343149808042
I2I,composite_30d,inter:plain,0.3,-0.004545454545454547
I2I,composite_30d,inter:plain,0.31,-0.008506807202459402
I2I,composite_30d,inter:plain,0.32,-0.012531194295900175
I2I,composite_30d,inter:plain,0.33,-0.01763003165988243
I2I,composite_30d,inter:plain,0.34,-0.020964187327823722
I2I,composite_30d,inter:plain,0.35000000000000003,-0.024638694638694655
I2I,composite_30d,inter:plain,0.36000000000000004,-0.026856060606060633
I2I,composite_30d,inter:plain,0.37,-0.029898989898989897
I2I,composite_30d,inter:plain,0.38,-0.03490713587487783
I2I,composite_30d,inter:plain,0.39,-0.03910581222056632
I2I,composite_30d,inter:plain,0.4,-0.04434343434343435
I2I,composite_30d,inter:plain,0.41000000000000003,-0.0500924499229584
I2I,composite_30d,inter:plain,0.42000000000000004,-0.053855799373040775
I2I,composite_30d,inter:plain,0.43,-0.05795853269537479
I2I,composite_30d,inter:plain,0.44,-0.06043290043290045
I2I,composite_30d,inter:plain,0.45,-0.06435261707988978
I2I,composite_30d,inter:plain,0.46,-0.06736251402918068
I2I,composite_30d,inter:plain,0.47000000000000003,-0.06986849628359061
I2I,composite_30d,inter:plain,0.48000000000000004,-0.07396270396270398
I2I,composite_30d,inter:plain,0.49,-0.07758764111705287
I2I,composite_30d,inter:plain,0.5,-0.08181818181818183
I2I,composite_30d,late:mean,0.01,0.14447811447811446
I2I,composite_30d,late:mean,0.02,0.1357699443413729
I2I,composite_30d,late:mean,0.03,0.12691034051858793
I2I,composite_30d,late:mean,0.04,0.11795454545454544
I2I,composite_30d,late:mean,0.05,0.10894736842105263
I2I,composite_30d,late:mean,0.060000000000000005,0.09951644100580272
I2I,composite_30d,late:mean,0.06999999999999999,0.08995112414467255
I2I,composite_30d,late:mean,0.08,0.08072463768115942
I2I,composite_30d,late:mean,0.09,0.07141525141525143
I2I,composite_30d,late:mean,0.09999999999999999,0.06191919191919193
I2I,composite_30d,late:mean,0.11,0.05261150834184543
I2I,composite_30d,late:mean,0.12,0.04333333333333335
I2I,composite_30d,late:mean,0.13,0.03378962034134447
I2I,composite_30d,late:mean,0.14,0.024355179704016933
I2I,composite_30d,late:mean,0.15000000000000002,0.01491978609625666
I2I,composite_30d,late:mean,0.16,0.0054978354978355015
I2I,composite_30d,late:mean,0.17,-0.003961299744432267
I2I,composite_30d,late:mean,0.18000000000000002,-0.013451589061345165
I2I,composite_30d,late:mean,0.19,-0.023007856341189653
I2I,composite_30d,late:mean,0.2,-0.032803030303030306
I2I,composite_30d,late:mean,0.21000000000000002,-0.04265822784810128
I2I,composite_30d,late:mean,0.22,-0.05114996114996115
I2I,composite_30d,late:mean,0.23,-0.06005509641873277
I2I,composite_30d,late:mean,0.24000000000000002,-0.06854864433811805
I2I,composite_30d,late:mean,0.25,-0.07787878787878785
I2I,composite_30d,late:mean,0.26,-0.08652743652743658
I2I,composite_30d,late:mean,0.27,-0.0962972187629722
I2I,composite_30d,late:mean,0.28,-0.10441077441077445
I2I,composite_30d,late:mean,0.29000000000000004,-0.11234741784037561
I2I,composite_30d,late:mean,0.3,-0.12220779220779227
I2I,composite_30d,late:mean,0.31,-0.130417215634607
I2I,composite_30d,late:mean,0.32,-0.14074866310160428
I2I,composite_30d,late:mean,0.33,-0.14933061962912714
I2I,composite_30d,late:mean,0.34,-0.15673094582185496
I2I,composite_30d,late:mean,0.35000000000000003,-0.16489510489510492
I2I,composite_30d,late:mean,0.36000000000000004,-0.17179924242424247
I2I,composite_30d,late:mean,0.37,-0.18025493025493025
I2I,composite_30d,late:mean,0.38,-0.1902737047898338
I2I,composite_30d,late:mean,0.39,-0.19812717337307506
I2I,composite_30d,late:mean,0.4,-0.20676767676767682
I2I,composite_30d,late:mean,0.41000000000000003,-0.21015921931176168
I2I,composite_30d,late:mean,0.42000000000000004,-0.21866248693834903
I2I,composite_30d,late:mean,0.43,-0.22511430090377457
I2I,composite_30d,late:mean,0.44,-0.228961038961039
I2I,composite_30d,late:mean,0.45,-0.23308539944903578
I2I,composite_30d,late:mean,0.46,-0.23717171717171714
I2I,composite_30d,late:mean,0.47000000000000003,-0.24088050314465415
I2I,composite_30d,late:mean,0.48000000000000004,-0.2482983682983683
I2I,composite_30d,late:mean,0.49,-0.25724301841948893
I2I,composite_30d,late:mean,0.5,-0.26212121212121214
I2I,composite_30d,late:wsrc,0.01,0.14447811447811446
I2I,composite_30d,late:wsrc,0.02,0.1357761286332715
I2I,composite_30d,late:wsrc,0.03,0.12695720087472664
I2I,composite_30d,late:wsrc,0.04,0.11813131313131311
I2I,composite_30d,late:wsrc,0.05,0.10913875598086123
I2I,composite_30d,late:wsrc,0.060000000000000005,0.10005157962604769
I2I,composite_30d,late:wsrc,0.06999999999999999,0.09055066797002284
I2I,composite_30d,late:wsrc,0.08,0.08109354413702241
I2I,composite_30d,late:wsrc,0.09,0.0718947718947719
I2I,composite_30d,late:wsrc,0.09999999999999999,0.06265993265993268
I2I,composite_30d,late:wsrc,0.11,0.05321075927817502
I2I,composite_30d,late:wsrc,0.12,0.0434710743801653
I2I,composite_30d,late:wsrc,0.13,0.03405781957506096
I2I,composite_30d,late:wsrc,0.14,0.025130373502466524
I2I,composite_30d,late:wsrc,0.15000000000000002,0.01659536541889481
I2I,composite_30d,late:wsrc,0.16,0.007316017316017304
I2I,composite_30d,late:wsrc,0.17,-0.0012851405622490153
I2I,composite_30d,late:wsrc,0.18000000000000002,-0.010229120473022935
I2I,composite_30d,late:wsrc,0.19,-0.019524878413767294
I2I,composite_30d,late:wsrc,0.2,-0.028484848484848474
I2I,composite_30d,late:wsrc,0.21000000000000002,-0.03792481779823553
I2I,composite_30d,late:wsrc,0.22,-0.04721056721056721
I2I,composite_30d,late:wsrc,0.23,-0.0569185360094451
I2I,composite_30d,late:wsrc,0.24000000000000002,-0.06523125996810211
I2I,composite_30d,late:wsrc,0.25,-0.07393939393939394
I2I,composite_30d,late:wsrc,0.26,-0.08194922194922197
I2I,composite_30d,late:wsrc,0.27,-0.09080531340805315
I2I,composite_30d,late:wsrc,0.28,-0.09804713804713808
I2I,composite_30d,late:wsrc,0.29000000000000004,-0.10739650021340169
I2I,composite_30d,late:wsrc,0.3,-0.11606060606060609
I2I,composite_30d,late:wsrc,0.31,-0.12436978480456742
I2I,composite_30d,late:wsrc,0.32,-0.13156862745098039
I2I,composite_30d,late:wsrc,0.33,-0.1387607417458164
I2I,composite_30d,late:wsrc,0.34,-0.14790633608815432
I2I,composite_30d,late:wsrc,0.35000000000000003,-0.15540792540792545
I2I,composite_30d,late:wsrc,0.36000000000000004,-0.16166666666666674
I2I,composite_30d,late:wsrc,0.37,-0.16986531986531983
I2I,composite_30d,late:wsrc,0.38,-0.1763245356793744
I2I,composite_30d,late:wsrc,0.39,-0.18442126179831103
I2I,composite_30d,late:wsrc,0.4,-0.19121212121212128
I2I,composite_30d,late:wsrc,0.41000000000000003,-0.19915767847971236
I2I,composite_30d,late:wsrc,0.42000000000000004,-0.20714733542319755
I2I,composite_30d,late:wsrc,0.43,-0.2149760765550239
I2I,composite_30d,late:wsrc,0.44,-0.2233549783549784
I2I,composite_30d,late:wsrc,0.45,-0.229366391184573
I2I,composite_30d,late:wsrc,0.46,-0.23503928170594837
I2I,composite_30d,late:wsrc,0.47000000000000003,-0.24000000000000005
I2I,composite_30d,late:wsrc,0.48000000000000004,-0.24407925407925407
I2I,composite_30d,late:wsrc,0.49,-0.2444979203802733
I2I,composite_30d,late:wsrc,0.5,-0.2487878787878788
I2I,composite_30d,treat_all,0.01,0.14447505356596263
I2I,composite_30d,treat_none,0.01,0.0
I2I,composite_30d,treat_all,0.02,0.13574520717377858
I2I,composite_30d,treat_none,0.02,0.0
I2I,composite_30d,treat_all,0.03,0.126835363948766
I2I,composite_30d,treat_none,0.03,0.0
I2I,composite_30d,treat_all,0.04,0.11773989898989898
I2I,composite_30d,treat_none,0.04,0.0
I2I,composite_30d,treat_all,0.05,0.1084529505582137
I2I,composite_30d,treat_none,0.05,0.0
I2I,composite_30d,treat_all,0.060000000000000005,0.09896840747904576
I2I,composite_30d,treat_none,0.060000000000000005,0.0
I2I,composite_30d,treat_all,0.06999999999999999,0.08927989573150863
I2I,composite_30d,treat_none,0.06999999999999999,0.0
I2I,composite_30d,treat_all,0.08,0.07938076416337285
I2I,composite_30d,treat_none,0.08,0.0
I2I,composite_30d,treat_all,0.09,0.06926406926406926
I2I,composite_30d,treat_none,0.09,0.0
I2I,composite_30d,treat_all,0.09999999999999999,0.05892255892255892
I2I,composite_30d,treat_none,0.09999999999999999,0.0
I2I,composite_30d,treat_all,0.11,0.04834865509022812
I2I,composite_30d,treat_none,0.11,0.0
I2I,composite_30d,treat_all,0.12,0.037534435261707993
I2I,composite_30d,treat_none,0.12,0.0
I2I,composite_30d,treat_all,0.13,0.026471612678509227
I2I,composite_30d,treat_none,0.13,0.0
I2I,composite_30d,treat_all,0.14,0.015151515151515138
I2I,composite_30d,treat_none,0.14,0.0
I2I,composite_30d,treat_all,0.15000000000000002,0.00356506238859175
I2I,composite_30d,treat_none,0.15000000000000002,0.0
I2I,composite_30d,treat_all,0.16,-0.00829725829725833
I2I,composite_30d,treat_none,0.16,0.0
I2I,composite_30d,treat_all,0.17,-0.02044541803577951
I2I,composite_30d,treat_none,0.17,0.0
I2I,composite_30d,treat_all,0.18000000000000002,-0.03288987435328902
I2I,composite_30d,treat_none,0.18000000000000002,0.0
I2I,composite_30d,treat_all,0.19,-0.04564160119715674
I2I,composite_30d,treat_none,0.19,0.0
I2I,composite_30d,treat_all,0.2,-0.058712121212121215
I2I,composite_30d,treat_none,0.2,0.0
I2I,composite_30d,treat_all,0.21000000000000002,-0.07211354046797089
I2I,composite_30d,treat_none,0.21000000000000002,0.0
I2I,composite_30d,treat_all,0.22,-0.08585858585858586
I2I,composite_30d,treat_none,0.22,0.0
I2I,composite_30d,treat_all,0.23,-0.09996064541519084
I2I,composite_30d,treat_none,0.23,0.0
I2I,composite_30d,treat_all,0.24000000000000002,-0.11443381180223289
I2I,composite_30d,treat_none,0.24000000000000002,0.0
I2I,composite_30d,treat_all,0.25,-0.1292929292929293
I2I,composite_30d,treat_none,0.25,0.0
I2I,composite_30d,treat_all,0.26,-0.14455364455364456
I2I,composite_30d,treat_none,0.26,0.0
I2I,composite_30d,treat_all,0.27,-0.16023246160232463
I2I,composite_30d,treat_none,0.27,0.0
I2I,composite_30d,treat_all,0.28,-0.17634680134680142
I2I,composite_30d,treat_none,0.28,0.0
I2I,composite_30d,treat_all,0.29000000000000004,-0.19291506615450282
I2I,composite_30d,treat_none,0.29000000000000004,0.0
I2I,composite_30d,treat_all,0.3,-0.20995670995670995
I2I,composite_30d,treat_none,0.3,0.0
I2I,composite_30d,treat_all,0.31,-0.22749231444883622
I2I,composite_30d,treat_none,0.31,0.0
I2I,composite_30d,treat_all,0.32,-0.2455436720142603
I2I,composite_30d,treat_none,0.32,0.0
I2I,composite_30d,treat_all,0.33,-0.26413387607417466
I2I,composite_30d,treat_none,0.33,0.0
I2I,composite_30d,treat_all,0.34,-0.2832874196510561
I2I,composite_30d,treat_none,0.34,0.0
I2I,composite_30d,treat_all,0.35000000000000003,-0.3030303030303031
I2I,composite_30d,treat_none,0.35000000000000003,0.0
I2I,composite_30d,treat_all,0.36000000000000004,-0.3233901515151516
I2I,composite_30d,treat_none,0.36000000000000004,0.0
I2I,composite_30d,treat_all,0.37,-0.3443963443963444
I2I,composite_30d,treat_none,0.37,0.0
I2I,composite_30d,treat_all,0.38,-0.366080156402737
I2I,composite_30d,treat_none,0.38,0.0
I2I,composite_30d,treat_all,0.39,-0.38847491306507703
I2I,composite_30d,treat_none,0.39,0.0
I2I,composite_30d,treat_all,0.4,-0.4116161616161617
I2I,composite_30d,treat_none,0.4,0.0
I2I,composite_30d,treat_all,0.41000000000000003,-0.43554185927067285
I2I,composite_30d,treat_none,0.41000000000000003,0.0
I2I,composite_30d,treat_all,0.42000000000000004,-0.4602925809822362
I2I,composite_30d,treat_none,0.42000000000000004,0.0
I2I,composite_30d,treat_all,0.43,-0.4859117490696437
I2I,composite_30d,treat_none,0.43,0.0
I2I,composite_30d,treat_all,0.44,-0.5124458874458875
I2I,composite_30d,treat_none,0.44,0.0
I2I,composite_30d,treat_all,0.45,-0.5399449035812671
I2I,composite_30d,treat_none,0.45,0.0
I2I,composite_30d,treat_all,0.46,-0.5684624017957352
I2I,composite_30d,treat_none,0.46,0.0
I2I,composite_30d,treat_all,0.47000000000000003,-0.5980560320182962
I2I,composite_30d,treat_none,0.47000000000000003,0.0
I2I,composite_30d,treat_all,0.48000000000000004,-0.6287878787878789
I2I,composite_30d,treat_none,0.48000000000000004,0.0
I2I,composite_30d,treat_all,0.49,-0.6607248960190135
I2I,composite_30d,treat_none,0.49,0.0
I2I,composite_30d,treat_all,0.5,-0.6939393939393939
I2I,composite_30d,treat_none,0.5,0.0
I2I,cv_first,uni:ehr_only,0.01,0.08435637595546774
I2I,cv_first,uni:ehr_only,0.02,0.07497997577233942
I2I,cv_first,uni:ehr_only,0.03,0.06594527354865892
I2I,cv_first,uni:ehr_only,0.04,0.05692507298086278
I2I,cv_first,uni:ehr_only,0.05,0.04791983201597896
I2I,cv_first,uni:ehr_only,0.060000000000000005,0.03899213946073525
I2I,cv_first,uni:ehr_only,0.06999999999999999,0.029729456366686557
I2I,cv_first,uni:ehr_only,0.08,0.020434641582873822
I2I,cv_first,uni:ehr_only,0.09,0.011505847379995937
I2I,cv_first,uni:ehr_only,0.09999999999999999,0.0018740764767362361
I2I,cv_first,uni:ehr_only,0.11,-0.007026571958584041
I2I,cv_first,uni:ehr_only,0.12,-0.016144251466989043
I2I,cv_first,uni:ehr_only,0.13,-0.025273934553968563
I2I,cv_first,uni:ehr_only,0.14,-0.034480157502885314
I2I,cv_first,uni:ehr_only,0.15000000000000002,-0.0436740378928088
I2I,cv_first,uni:ehr_only,0.16,-0.05246899278686501
I2I,cv_first,uni:ehr_only,0.17,-0.0616321920832861
I2I,cv_first,uni:ehr_only,0.18000000000000002,-0.07017238514908666
I2I,cv_first,uni:ehr_only,0.19,-0.078735238644418
I2I,cv_first,uni:ehr_only,0.2,-0.08863120337333766
I2I,cv_first,uni:ehr_only,0.21000000000000002,-0.09771018693775997
I2I,cv_first,uni:ehr_only,0.22,-0.10677245772931795
I2I,cv_first,uni:ehr_only,0.23,-0.11581736460101685
I2I,cv_first,uni:ehr_only,0.24000000000000002,-0.1249637229629377
I2I,cv_first,uni:ehr_only,0.25,-0.13396042815439507
I2I,cv_first,uni:ehr_only,0.26,-0.1427093652199069
I2I,cv_first,uni:ehr_only,0.27,-0.15209789432993132
I2I,cv_first,uni:ehr_only,0.28,-0.16102641727033556
I2I,cv_first,uni:ehr_only,0.29000000000000004,-0.1699323413722687
I2I,cv_first,uni:ehr_only,0.3,-0.17793429405495576
I2I,cv_first,uni:ehr_only,0.31,-0.1862951106347573
I2I,cv_first,uni:ehr_only,0.32,-0.19431035469653318
I2I,cv_first,uni:ehr_only,0.33,-0.20257454214493542
I2I,cv_first,uni:ehr_only,0.34,-0.21128574096462518
I2I,cv_first,uni:ehr_only,0.35000000000000003,-0.21946655355672548
I2I,cv_first,uni:ehr_only,0.36000000000000004,-0.22705157314304256
I2I,cv_first,uni:ehr_only,0.37,-0.23510907228065844
I2I,cv_first,uni:ehr_only,0.38,-0.2427149927280717
I2I,cv_first,uni:ehr_only,0.39,-0.2511764674603723
I2I,cv_first,uni:ehr_only,0.4,-0.25959563196021196
I2I,cv_first,uni:ehr_only,0.41000000000000003,-0.26797033485983823
I2I,cv_first,uni:ehr_only,0.42000000000000004,-0.2755936336081068
I2I,cv_first,uni:ehr_only,0.43,-0.28327386744512917
I2I,cv_first,uni:ehr_only,0.44,-0.29037115981650524
I2I,cv_first,uni:ehr_only,0.45,-0.29846961342258127
I2I,cv_first,uni:ehr_only,0.46,-0.3065076104323591
I2I,cv_first,uni:ehr_only,0.47000000000000003,-0.3138697299249078
I2I,cv_first,uni:ehr_only,0.48000000000000004,-0.32086628907906883
I2I,cv_first,uni:ehr_only,0.49,-0.3286523821335216
I2I,cv_first,uni:ehr_only,0.5,-0.33571196886149857
I2I,cv_first,early:plain,0.01,0.08407460921246196
I2I,cv_first,early:plain,0.02,0.07327212428922265
I2I,cv_first,early:plain,0.03,0.06727949413310773
I2I,cv_first,early:plain,0.04,0.062331062817601895
I2I,cv_first,early:plain,0.05,0.056984823394847804
I2I,cv_first,early:plain,0.060000000000000005,0.05212524413220061
I2I,cv_first,early:plain,0.06999999999999999,0.04866785947216613
I2I,cv_first,early:plain,0.08,0.044112877067791115
I2I,cv_first,early:plain,0.09,0.0388696609909714
I2I,cv_first,early:plain,0.09999999999999999,0.03366129671676217
I2I,cv_first,early:plain,0.11,0.031867398965694446
I2I,cv_first,early:plain,0.12,0.028455164686108578
I2I,cv_first,early:plain,0.13,0.024960759970322977
I2I,cv_first,early:plain,0.14,0.023429308511039536
I2I,cv_first,early:plain,0.15000000000000002,0.02144587968174619
I2I,cv_first,early:plain,0.16,0.020063945136926
I2I,cv_first,early:plain,0.17,0.018617447408837424
I2I,cv_first,early:plain,0.18000000000000002,0.01623379191949558
I2I,cv_first,early:plain,0.19,0.013871369477380938
I2I,cv_first,early:plain,0.2,0.011595848199805386
I2I,cv_first,early:plain,0.21000000000000002,0.010629955205557626
I2I,cv_first,early:plain,0.22,0.00847492868251869
I2I,cv_first,early:plain,0.23,0.0065967117540260585
I2I,cv_first,early:plain,0.24000000000000002,0.006555473991498365
I2I,cv_first,early:plain,0.25,0.006811547194291279
I2I,cv_first,early:plain,0.26,0.006189127823899149
I2I,cv_first,early:plain,0.27,0.0044032898040069456
I2I,cv_first,early:plain,0.28,0.004054492377554328
I2I,cv_first,early:plain,0.29000000000000004,0.004573010557669725
I2I,cv_first,early:plain,0.3,0.005328761410499976
I2I,cv_first,early:plain,0.31,0.0036478679246169966
I2I,cv_first,early:plain,0.32,0.0034343935433401376
I2I,cv_first,early:plain,0.33,0.003190340867830807
I2I,cv_first,early:plain,0.34,0.0024179518178869437
I2I,cv_first,early:plain,0.35000000000000003,0.002869333067192295
I2I,cv_first,early:plain,0.36000000000000004,0.0015204346415828712
I2I,cv_first,early:plain,0.37,-0.0008134727563855037
I2I,cv_first,early:plain,0.38,-0.0012346583240036412
I2I,cv_first,early:plain,0.39,-0.0006859403497764052
I2I,cv_first,early:plain,0.4,-0.0005405989836739129
I2I,cv_first,early:plain,0.41000000000000003,2.7488083915623573e-05
I2I,cv_first,early:plain,0.42000000000000004,0.00034672900332188665
I2I,cv_first,early:plain,0.43,0.00017640598414622385
I2I,cv_first,early:plain,0.44,-0.0010194152263565178
I2I,cv_first,early:plain,0.45,-0.0032435939020434637
I2I,cv_first,early:plain,0.46,-0.00344782018476472
I2I,cv_first,early:plain,0.47000000000000003,-0.003182394017099247
I2I,cv_first,early:plain,0.48000000000000004,-0.003043988123456175
I2I,cv_first,early:plain,0.49,-0.0028365546672772246
I2I,cv_first,early:plain,0.5,-0.002594875121634771
I2I,cv_first,early:blockstd,0.01,0.08426136158864021
I2I,cv_first,early:blockstd,0.02,0.07494025829598787
I2I,cv_first,early:blockstd,0.03,0.06607902999822772
I2I,cv_first,early:blockstd,0.04,0.05942534328035463
I2I,cv_first,early:blockstd,0.05,0.05333151236833569
I2I,cv_first,early:blockstd,0.060000000000000005,0.051241882388665366
I2I,cv_first,early:blockstd,0.06999999999999999,0.04852835005702448
I2I,cv_first,early:blockstd,0.08,0.045847494676275226
I2I,cv_first,early:blockstd,0.09,0.04181741061403727
I2I,cv_first,early:blockstd,0.09999999999999999,0.038562727502072305
I2I,cv_first,early:blockstd,0.11,0.035777934085798525
I2I,cv_first,early:blockstd,0.12,0.030622475157019435
I2I,cv_first,early:blockstd,0.13,0.02702622091484261
I2I,cv_first,early:blockstd,0.14,0.022554292481651063
I2I,cv_first,early:blockstd,0.15000000000000002,0.01961420312529812
I2I,cv_first,early:blockstd,0.16,0.017160156310334705
I2I,cv_first,early:blockstd,0.17,0.01660876395624665
I2I,cv_first,early:blockstd,0.18000000000000002,0.014564527740639066
I2I,cv_first,early:blockstd,0.19,0.012998402229670476
I2I,cv_first,early:blockstd,0.2,0.011352578657152123
I2I,cv_first,early:blockstd,0.21000000000000002,0.010675119171282287
I2I,cv_first,early:blockstd,0.22,0.008291956718813678
I2I,cv_first,early:blockstd,0.23,0.006786272436613014
I2I,cv_first,early:blockstd,0.24000000000000002,0.005531181180326748
I2I,cv_first,early:blockstd,0.25,0.005622229430208672
I2I,cv_first,early:blockstd,0.26,0.005198516713275065
I2I,cv_first,early:blockstd,0.27,0.005256399433037558
I2I,cv_first,early:blockstd,0.28,0.003748152953472447
I2I,cv_first,early:blockstd,0.29000000000000004,0.00304258244895908
I2I,cv_first,early:blockstd,0.3,0.0027338862888652057
I2I,cv_first,early:blockstd,0.31,0.0014478651041005606
I2I,cv_first,early:blockstd,0.32,0.001755356699929404
I2I,cv_first,early:blockstd,0.33,0.0010021252801835773
I2I,cv_first,early:blockstd,0.34,0.0007568385771434744
I2I,cv_first,early:blockstd,0.35000000000000003,0.0006736695027321038
I2I,cv_first,early:blockstd,0.36000000000000004,0.0006284463185209207
I2I,cv_first,early:blockstd,0.37,0.0004788162426826066
I2I,cv_first,early:blockstd,0.38,0.0003034329779330982
I2I,cv_first,early:blockstd,0.39,-6.380840463036323e-05
I2I,cv_first,early:blockstd,0.4,-0.0002162395934695644
I2I,cv_first,early:blockstd,0.41000000000000003,-0.00025289037202372777
I2I,cv_first,early:blockstd,0.42000000000000004,-5.5924032793852976e-05
I2I,cv_first,early:blockstd,0.43,-0.000409717124468648
I2I,cv_first,early:blockstd,0.44,-0.00018534822297391218
I2I,cv_first,early:blockstd,0.45,-0.0002064105210391295
I2I,cv_first,early:blockstd,0.46,-0.00022825290421787345
I2I,cv_first,early:blockstd,0.47000000000000003,-0.00025091952827128685
I2I,cv_first,early:blockstd,0.48000000000000004,2.4950722323411245e-05
I2I,cv_first,early:blockstd,0.49,-0.00031163941411790143
I2I,cv_first,early:blockstd,0.5,-0.0003243593902043464
I2I,cv_first,inter:plain,0.01,0.06090420913645046
I2I,cv_first,inter:plain,0.02,0.0522284814022917
I2I,cv_first,inter:plain,0.03,0.04633992195311168
I2I,cv_first,inter:plain,0.04,0.04163963671748297
I2I,cv_first,inter:plain,0.05,0.03779640473223279
I2I,cv_first,inter:plain,0.060000000000000005,0.03495490024223435
I2I,cv_first,inter:plain,0.06999999999999999,0.030943188278418944
I2I,cv_first,inter:plain,0.08,0.028585934084530876
I2I,cv_first,inter:plain,0.09,0.02544973676987949
I2I,cv_first,inter:plain,0.09999999999999999,0.022488917720834688
I2I,cv_first,inter:plain,0.11,0.018947690670476375
I2I,cv_first,inter:plain,0.12,0.016984637159791233
I2I,cv_first,inter:plain,0.13,0.014290454513255859
I2I,cv_first,inter:plain,0.14,0.01125451651592755
I2I,cv_first,inter:plain,0.15000000000000002,0.009368262387666706
I2I,cv_first,inter:plain,0.16,0.0070432324730086565
I2I,cv_first,inter:plain,0.17,0.004697349241272582
I2I,cv_first,inter:plain,0.18000000000000002,0.001526862495352159
I2I,cv_first,inter:plain,0.19,-0.0011132334626766383
I2I,cv_first,inter:plain,0.2,-0.0039734025300032436
I2I,cv_first,inter:plain,0.21000000000000002,-0.006429706393164647
I2I,cv_first,inter:plain,0.22,-0.00902384457363374
I2I,cv_first,inter:plain,0.23,-0.011786461997295598
I2I,cv_first,inter:plain,0.24000000000000002,-0.01370845212284686
I2I,cv_first,inter:plain,0.25,-0.016001729916747753
I2I,cv_first,inter:plain,0.26,-0.018085227621393703
I2I,cv_first,inter:plain,0.27,-0.02081232032489258
I2I,cv_first,inter:plain,0.28,-0.02263307744981441
I2I,cv_first,inter:plain,0.29000000000000004,-0.025793424184418885
I2I,cv_first,inter:plain,0.3,-0.02835827811500858
I2I,cv_first,inter:plain,0.31,-0.03148636515345961
I2I,cv_first,inter:plain,0.32,-0.03310373776497302
I2I,cv_first,inter:plain,0.33,-0.03511795547078104
I2I,cv_first,inter:plain,0.34,-0.03760603111884333
I2I,cv_first,inter:plain,0.35000000000000003,-0.04056987449786673
I2I,cv_first,inter:plain,0.36000000000000004,-0.04269380473564712
I2I,cv_first,inter:plain,0.37,-0.04561110853683024
I2I,cv_first,inter:plain,0.38,-0.04800518975024328
I2I,cv_first,inter:plain,0.39,-0.050451178594407196
I2I,cv_first,inter:plain,0.4,-0.052654341009838915
I2I,cv_first,inter:plain,0.41000000000000003,-0.05481123932775142
I2I,cv_first,inter:plain,0.42000000000000004,-0.057064883062847446
I2I,cv_first,inter:plain,0.43,-0.06077470679618279
I2I,cv_first,inter:plain,0.44,-0.062369677030721465
I2I,cv_first,inter:plain,0.45,-0.06407572317400406
I2I,cv_first,inter:plain,0.46,-0.06627743539842144
I2I,cv_first,inter:plain,0.47000000000000003,-0.06727703351917698
I2I,cv_first,inter:plain,0.48000000000000004,-0.07031113550737295
I2I,cv_first,inter:plain,0.49,-0.07369954144486207
I2I,cv_first,inter:plain,0.5,-0.07752189425883879
I2I,cv_first,late:mean,0.01,0.0842580852311634
I2I,cv_first,late:mean,0.02,0.0749203995578121
I2I,cv_first,late:mean,0.03,0.06542696730657982
I2I,cv_first,late:mean,0.04,0.05578981511514758
I2I,cv_first,late:mean,0.05,0.0460078187684586
I2I,cv_first,late:mean,0.060000000000000005,0.03610741126700298
I2I,cv_first,late:mean,0.06999999999999999,0.026081285160732284
I2I,cv_first,late:mean,0.08,0.015964123030926966
I2I,cv_first,late:mean,0.09,0.0059026280239384415
I2I,cv_first,late:mean,0.09999999999999999,-0.004829350920820277
I2I,cv_first,late:mean,0.11,-0.015190224026648491
I2I,cv_first,late:mean,0.12,-0.02558016100020641
I2I,cv_first,late:mean,0.13,-0.03568698946018396
I2I,cv_first,late:mean,0.14,-0.04609674961718051
I2I,cv_first,late:mean,0.15000000000000002,-0.056991852855316674
I2I,cv_first,late:mean,0.16,-0.06692615417883017
I2I,cv_first,late:mean,0.17,-0.0777133835373932
I2I,cv_first,late:mean,0.18000000000000002,-0.08839980063764312
I2I,cv_first,late:mean,0.19,-0.09856521025296026
I2I,cv_first,late:mean,0.2,-0.109552384041518
I2I,cv_first,late:mean,0.21000000000000002,-0.12000886856054233
I2I,cv_first,late:mean,0.22,-0.1306003975481757
I2I,cv_first,late:mean,0.23,-0.14102472292546891
I2I,cv_first,late:mean,0.24000000000000002,-0.151578264506547
I2I,cv_first,late:mean,0.25,-0.16239593469564279
I2I,cv_first,late:mean,0.26,-0.17222606972850243
I2I,cv_first,late:mean,0.27,-0.18202338053577063
I2I,cv_first,late:mean,0.28,-0.1926154178830144
I2I,cv_first,late:mean,0.29000000000000004,-0.2009703371053438
I2I,cv_first,late:mean,0.3,-0.2099995366294426
I2I,cv_first,late:mean,0.31,-0.2204703681244036
I2I,cv_first,late:mean,0.32,-0.23094388582549466
I2I,cv_first,late:mean,0.33,-0.2367339429998887
I2I,cv_first,late:mean,0.34,-0.246935786669812
I2I,cv_first,late:mean,0.35000000000000003,-0.2560692632051699
I2I,cv_first,late:mean,0.36000000000000004,-0.2647583522542978
I2I,cv_first,late:mean,0.37,-0.273265063404538
I2I,cv_first,late:mean,0.38,-0.2802151235181484
I2I,cv_first,late:mean,0.39,-0.28468119725836555
I2I,cv_first,late:mean,0.4,-0.293329008541464
I2I,cv_first,late:mean,0.41000000000000003,-0.2984986008565287
I2I,cv_first,late:mean,0.42000000000000004,-0.30052456742760636
I2I,cv_first,late:mean,0.43,-0.30960388320785737
I2I,cv_first,late:mean,0.44,-0.3143969232194986
I2I,cv_first,late:mean,0.45,-0.31972989708961164
I2I,cv_first,late:mean,0.46,-0.32817962302230874
I2I,cv_first,late:mean,0.47000000000000003,-0.33581600866590366
I2I,cv_first,late:mean,0.48000000000000004,-0.3391302178198059
I2I,cv_first,late:mean,0.49,-0.3424090362710118
I2I,cv_first,late:mean,0.5,-0.3438209536166072
I2I,cv_first,late:wsrc,0.01,0.0842580852311634
I2I,cv_first,late:wsrc,0.02,0.07493363871659595
I2I,cv_first,late:wsrc,0.03,0.06549718944260344
I2I,cv_first,late:wsrc,0.04,0.05601956968320899
I2I,cv_first,late:wsrc,0.05,0.0464858220803387
I2I,cv_first,late:wsrc,0.060000000000000005,0.03681134015638262
I2I,cv_first,late:wsrc,0.06999999999999999,0.02715550765732304
I2I,cv_first,late:wsrc,0.08,0.01731797092047553
I2I,cv_first,late:wsrc,0.09,0.007506603030443454
I2I,cv_first,late:wsrc,0.09999999999999999,-0.0024507153926550534
I2I,cv_first,late:wsrc,0.11,-0.012540681592057928
I2I,cv_first,late:wsrc,0.12,-0.022985285878571626
I2I,cv_first,late:wsrc,0.13,-0.032991451079520256
I2I,cv_first,late:wsrc,0.14,-0.04289841516493298
I2I,cv_first,late:wsrc,0.15000000000000002,-0.05252714124897448
I2I,cv_first,late:wsrc,0.16,-0.06240056840121713
I2I,cv_first,late:wsrc,0.17,-0.07151147567890764
I2I,cv_first,late:wsrc,0.18000000000000002,-0.08040157274748228
I2I,cv_first,late:wsrc,0.19,-0.09012385723381504
I2I,cv_first,late:wsrc,0.2,-0.10071359065844956
I2I,cv_first,late:wsrc,0.21000000000000002,-0.10940765406044581
I2I,cv_first,late:wsrc,0.22,-0.11849929722132123
I2I,cv_first,late:wsrc,0.23,-0.1283704942478864
I2I,cv_first,late:wsrc,0.24000000000000002,-0.13805759939908158
I2I,cv_first,late:wsrc,0.25,-0.1476916423397124
I2I,cv_first,late:wsrc,0.26,-0.15616589667838454
I2I,cv_first,late:wsrc,0.27,-0.16449908690610016
I2I,cv_first,late:wsrc,0.28,-0.17268533535156955
I2I,cv_first,late:wsrc,0.29000000000000004,-0.18149963680885184
I2I,cv_first,late:wsrc,0.3,-0.18822112043000788
I2I,cv_first,late:wsrc,0.31,-0.19586136221542172
I2I,cv_first,late:wsrc,0.32,-0.20304897826792084
I2I,cv_first,late:wsrc,0.33,-0.21278944234390815
I2I,cv_first,late:wsrc,0.34,-0.22082977029457734
I2I,cv_first,late:wsrc,0.35000000000000003,-0.228598517927094
I2I,cv_first,late:wsrc,0.36000000000000004,-0.2360322737593254
I2I,cv_first,late:wsrc,0.37,-0.2437380617724439
I2I,cv_first,late:wsrc,0.38,-0.2527805970305421
I2I,cv_first,late:wsrc,0.39,-0.26216746515795236
I2I,cv_first,late:wsrc,0.4,-0.2694345334630771
I2I,cv_first,late:wsrc,0.41000000000000003,-0.2750842509772014
I2I,cv_first,late:wsrc,0.42000000000000004,-0.28231570234992787
I2I,cv_first,late:wsrc,0.43,-0.28653453289402553
I2I,cv_first,late:wsrc,0.44,-0.2961169547286966
I2I,cv_first,late:wsrc,0.45,-0.30203756671482906
I2I,cv_first,late:wsrc,0.46,-0.3099193906848789
I2I,cv_first,late:wsrc,0.47000000000000003,-0.3174315632286612
I2I,cv_first,late:wsrc,0.48000000000000004,-0.32638039871254276
I2I,cv_first,late:wsrc,0.49,-0.33119637735081053
I2I,cv_first,late:wsrc,0.5,-0.3373337658125203
I2I,cv_first,treat_all,0.01,0.0842580852311634
I2I,cv_first,treat_none,0.01,0.0
I2I,cv_first,treat_all,0.02,0.07491377997842016
I2I,cv_first,treat_none,0.02,0.0
I2I,cv_first,treat_all,0.03,0.06537680863799152
I2I,cv_first,treat_none,0.03,0.0
I2I,cv_first,treat_all,0.04,0.055641150394637254
I2I,cv_first,treat_none,0.04,0.0
I2I,cv_first,treat_all,0.05,0.04570053092510712
I2I,cv_first,treat_none,0.05,0.0
I2I,cv_first,treat_all,0.060000000000000005,0.035548408913672086
I2I,cv_first,treat_none,0.060000000000000005,0.0
I2I,cv_first,treat_all,0.06999999999999999,0.025177961697690085
I2I,cv_first,treat_none,0.06999999999999999,0.0
I2I,cv_first,treat_all,0.08,0.014582069977012793
I2I,cv_first,treat_none,0.08,0.0
I2I,cv_first,treat_all,0.09,0.003753301515221727
I2I,cv_first,treat_none,0.09,0.0
I2I,cv_first,treat_all,0.09999999999999999,-0.0073161062457202525
I2I,cv_first,treat_none,0.09999999999999999,0.0
I2I,cv_first,treat_all,0.11,-0.01863426474286317
I2I,cv_first,treat_none,0.11,0.0
I2I,cv_first,treat_all,0.12,-0.030209654114941156
I2I,cv_first,treat_none,0.12,0.0
I2I,cv_first,treat_all,0.13,-0.0420511443921244
I2I,cv_first,treat_none,0.13,0.0
I2I,cv_first,treat_all,0.14,-0.054168018164125864
I2I,cv_first,treat_none,0.14,0.0
I2I,cv_first,treat_all,0.15000000000000002,-0.06656999484840972
I2I,cv_first,treat_none,0.15000000000000002,0.0
I2I,cv_first,treat_all,0.16,-0.07926725669184315
I2I,cv_first,treat_none,0.16,0.0
I2I,cv_first,treat_all,0.17,-0.09227047665198584
I2I,cv_first,treat_none,0.17,0.0
I2I,cv_first,treat_all,0.18000000000000002,-0.10559084831847346
I2I,cv_first,treat_none,0.18000000000000002,0.0
I2I,cv_first,treat_all,0.19,-0.11924011805080026
I2I,cv_first,treat_none,0.19,0.0
I2I,cv_first,treat_all,0.2,-0.13323061952643528
I2I,cv_first,treat_none,0.2,0.0
I2I,cv_first,treat_all,0.21000000000000002,-0.14757531091284587
I2I,cv_first,treat_none,0.21000000000000002,0.0
I2I,cv_first,treat_all,0.22,-0.16228781489890798
I2I,cv_first,treat_none,0.22,0.0
I2I,cv_first,treat_all,0.23,-0.17738246184564704
I2I,cv_first,treat_none,0.23,0.0
I2I,cv_first,treat_all,0.24000000000000002,-0.19287433634361612
I2I,cv_first,treat_none,0.24000000000000002,0.0
I2I,cv_first,treat_all,0.25,-0.20877932749486428
I2I,cv_first,treat_none,0.25,0.0
I2I,cv_first,treat_all,0.26,-0.22511418327182192
I2I,cv_first,treat_none,0.26,0.0
I2I,cv_first,treat_all,0.27,-0.2418965693440387
I2I,cv_first,treat_none,0.27,0.0
I2I,cv_first,treat_all,0.28,-0.25914513280715035
I2I,cv_first,treat_none,0.28,0.0
I2I,cv_first,treat_all,0.29000000000000004,-0.27687957129739194
I2I,cv_first,treat_none,0.29000000000000004,0.0
I2I,cv_first,treat_all,0.3,-0.2951207080302118
I2I,cv_first,treat_none,0.3,0.0
I2I,cv_first,treat_all,0.31,-0.31389057336398296
I2I,cv_first,treat_none,0.31,0.0
I2I,cv_first,treat_all,0.32,-0.33321249356051214
I2I,cv_first,treat_none,0.32,0.0
I2I,cv_first,treat_all,0.33,-0.35311118749425113
I2I,cv_first,treat_none,0.33,0.0
I2I,cv_first,treat_all,0.34,-0.37361287215325495
I2I,cv_first,treat_none,0.34,0.0
I2I,cv_first,treat_all,0.35000000000000003,-0.39474537787868963
I2I,cv_first,treat_none,0.35000000000000003,0.0
I2I,cv_first,treat_all,0.36000000000000004,-0.4165382744080442
I2I,cv_first,treat_none,0.36000000000000004,0.0
I2I,cv_first,treat_all,0.37,-0.43902300892245755
I2I,cv_first,treat_none,0.37,0.0
I2I,cv_first,treat_all,0.38,-0.4622330574534648
I2I,cv_first,treat_none,0.38,0.0
I2I,cv_first,treat_all,0.39,-0.48620409118221025
I2I,cv_first,treat_none,0.39,0.0
I2I,cv_first,treat_all,0.4,-0.5109741593685804
I2I,cv_first,treat_none,0.4,0.0
I2I,cv_first,treat_all,0.41000000000000003,-0.536583890883302
I2I,cv_first,treat_none,0.41000000000000003,0.0
I2I,cv_first,treat_all,0.42000000000000004,-0.5630767165881867
I2I,cv_first,treat_none,0.42000000000000004,0.0
I2I,cv_first,treat_all,0.43,-0.5904991151248213
I2I,cv_first,treat_none,0.43,0.0
I2I,cv_first,treat_all,0.44,-0.6189008850377646
I2I,cv_first,treat_none,0.44,0.0
I2I,cv_first,treat_all,0.45,-0.6483354465839057
I2I,cv_first,treat_none,0.45,0.0
I2I,cv_first,treat_all,0.46,-0.6788601770762004
I2I,cv_first,treat_none,0.46,0.0
I2I,cv_first,treat_all,0.47000000000000003,-0.7105367841908456
I2I,cv_first,treat_none,0.47000000000000003,0.0
I2I,cv_first,treat_all,0.48000000000000004,-0.743431722348362
I2I,cv_first,treat_none,0.48000000000000004,0.0
I2I,cv_first,treat_all,0.49,-0.7776166580806827
I2I,cv_first,treat_none,0.49,0.0
I2I,cv_first,treat_all,0.5,-0.8131689912422964
I2I,cv_first,treat_none,0.5,0.0
